148272ff,123456
539e0b3c,123456
ad05a0dc,123456
ff436857,123456
4db63fbe,123456
f78c28f4,123456
b9f12fde,123456
e8fe594d,123456
60a17680,123456
6086a0cf,123456
bde88e3f,123456
ac653ee6,123456
61d3b6b8,123456
f0683445,123456
6a13d42a,123456
7edf2852,123456
817d8fc9,123456
29db1e39,123456
7d609a31,123456
9be819f5,123456
7e5afcbf,123456
a9f3650c,123456
08ef1ce8,123456
11f3ea3a,123456
f0a6a1b3,123456
368fc5a0,123456
d5729ae3,123456
24db545d,123456
7d923572,123456
7a0c1adf,123456
c8561383,123456
aa7f4585,123456
98853128,123456
1436e89d,123456
1115a30f,123456
b92ab56e,123456
30d920ab,123456
b8c6c0e8,123456
db8ea6c4,123456
28c832b3,123456
ebcf4f3f,123456
002da949,123456
31b2a0ff,123456
3454220d,123456
f5fecadb,123456
c15cc851,123456
a9a3fd22,123456
a19e9684,123456
d5a66c80,123456
dc68cfdc,123456
7560d723,123456
929e72ee,123456
d05bbce1,123456
59b213d9,123456
fe05f818,123456
cdca3322,123456
1663987a,123456
b0537e67,123456
e72fd649,123456
221bf933,123456
261021fd,123456
37086090,123456
964037da,123456
06d6880b,123456
d37bc44a,123456
20289af9,123456
eafed2ba,123456
a92e7c53,123456
1f6ee089,123456
d3cd588d,123456
9d6310a1,123456
ed7d1a91,123456
b3acdbe9,123456
e6607a7d,123456
b96e3241,123456
50e1f12e,123456
11ad7985,123456
e2c79927,123456
179fa345,123456
2aa81f2b,123456
4175c624,123456
c682cdf6,123456
d1132b61,123456
97de6867,123456
4c66591a,123456
34c9d10a,123456
81c50758,123456
055ba4ac,123456
25e316bf,123456
85477a9b,123456
5b91c40f,123456
480e144f,123456
857082dc,123456
11faafe5,123456
a0fe5b61,123456
63398393,123456
28cfc9b7,123456
b3062f10,123456
bb610b77,123456
0cdf1a81,123456
ee996019,123456
62797ee8,123456
79f06dbf,123456
6701864f,123456
7efbadd5,123456
c3b33430,123456
a49d25ff,123456
2212c4d3,123456
a704b517,123456
561926a9,123456
cc0a616b,123456
15a1f64e,123456
9abe4c80,123456
0a290c27,123456
e8fd63b3,123456
5b691d9c,123456
a26cb37f,123456
a025ec14,123456
de04cc0a,123456
830e1118,123456
2f81fcee,123456
33e9b4f1,123456
45be2202,123456
6f1020bc,123456
fc41184d,123456
a29a53f6,123456
7215c348,123456
37653612,123456
37064bce,123456
63c4aadc,123456
a527996c,123456
2064e22c,123456
6d4c281f,123456
8c02f031,123456
44ca28b2,123456
494f8157,123456
be255fcd,123456
d7a5eca7,123456
5b8d9366,123456
60f3135f,123456
a0915dbd,123456
9a770265,123456
302e74db,123456
3a7c5769,123456
25f17ceb,123456
1dbdfaf5,123456
a261c906,123456
72f3ac78,123456
83358276,123456
865afd18,123456
d887326c,123456
dfcae5d7,123456
b7977e52,123456
335959d7,123456
647ecde0,123456
ca4c989a,123456
cf562636,123456
a098196a,123456
96cd30fb,123456
e3cd5e97,123456
14e42109,123456
a190f211,123456
7112c958,123456
92031903,123456
fd876a80,123456
384ae48d,123456
8825e95a,123456
ca48ffcc,123456
2e64197e,123456
be1157ad,123456
9a34ab11,123456
940905e8,123456
84eec568,123456
cfdcbae1,123456
90742ab2,123456
3326d4bc,123456
781e4b55,123456
c4fd8055,123456
56bb4cd9,123456
7e0a2b12,123456
09903cd0,123456
eee28d4c,123456
72d05552,123456
bef731ee,123456
e75a3ba9,123456
8803957a,123456
a2f5fc3b,123456
3fb5ef83,123456
d868dd80,123456
835d2b70,123456
b991edd7,123456
d1c5fc79,123456
5ffd04c8,123456
112aa957,123456
ec8bceee,123456
ef8c5771,123456
ff4314c8,123456
96dc83b3,123456
80c3ab27,123456
fbfe56c8,123456
f004f749,123456
e827062c,123456
b25ebc10,123456
8cc7221d,123456
8cbe2768,123456
fcf2a136,123456
a3513101,123456
1350830e,123456
ad2ef043,123456
5971fb45,123456
24a9ed13,123456
1ad54d4a,123456
88e1699f,123456
b1ffa02b,123456
a7d41f5b,123456
21fc61c7,123456
7200d0ab,123456
a7711151,123456
9e4451bf,123456
0b53ac7c,123456
7bf112f1,123456
427b86ef,123456
2db21e45,123456
efeec14e,123456
1b07f92a,123456
efb590c5,123456
099ad4c2,123456
4d90b32e,123456
298c1322,123456
254d099f,123456
b0e9ff14,123456
66103acb,123456
8ad4f4f3,123456
4b8fe1b5,123456
a67a3b1b,123456
db58d987,123456
4597abb7,123456
b86a6f4e,123456
238862a3,123456
bbcc0238,123456
efbed8c6,123456
4eac7172,123456
9126da07,123456
1c4c22df,123456
73a0011d,123456
455c0b0c,123456
ebd001d6,123456
ef5a373f,123456
36c0ed1b,123456
81194b29,123456
132c9711,123456
e3a0860d,123456
8f41b68f,123456
78f9a90b,123456
20bf697a,123456
175d0519,123456
48edfaf3,123456
0dc2683c,123456
1b85c59c,123456
551840d9,123456
56185fda,123456
278b6210,123456
b73cac59,123456
0df51489,123456
d1df00b5,123456
dc5a1a5c,123456
d39c64be,123456
07dfeb3c,123456
dd02f14d,123456
f5c46675,123456
3c395fd6,123456
4a2455d5,123456
4f650f25,123456
d66497f3,123456
9c07a714,123456
58a77f73,123456
ed055583,123456
88b51796,123456
8b4ae2cd,123456
e5c55510,123456
59ff62f0,123456
ca0049e1,123456
e6e06d63,123456
00fcb4dc,123456
7145a677,123456
b9d0df91,123456
0a606ad1,123456
bba86854,123456
b9d5969b,123456
24de4acc,123456
5489cc89,123456
4621fb0f,123456
4996b28b,123456
37709f31,123456
1a2b8fb9,123456
59e620c0,123456
c217561a,123456
d8bd0eb5,123456
7bb855c7,123456
2440ff0d,123456
f1f90809,123456
10b5cb54,123456
aa01f40a,123456
cfa547c8,123456
68de0753,123456
16daff6e,123456
bb7621a4,123456
2cafd622,123456
cab59c01,123456
e40c63e1,123456
4ffb9817,123456
de6e5852,123456
7c7c2b2b,123456
0f7c8169,123456
66d0e790,123456
9e687ee8,123456
3cba7c8d,123456
b28e14e3,123456
d550b41b,123456
dc18ade6,123456
c0a2f329,123456
99272f36,123456
25c29009,123456
98cf22db,123456
e0276b80,123456
f7273b77,123456
6f7c57bb,123456
e5e78ddc,123456
30ad6801,123456
9850ddce,123456
38d58b3b,123456
af914147,123456
fcf7a0ef,123456
85b9409b,123456
5600d5e3,123456
49d790ae,123456
af4b5069,123456
9a29b42d,123456
cf8d2fa1,123456
b6699f59,123456
c91526d6,123456
b88c0904,123456
ef07c287,123456
cd5dcc0a,123456
b1b974a9,123456
a55d4a12,123456
83b5b2b3,123456
2574bebf,123456
14bbaf05,123456
e34b145e,123456
071787d9,123456
0ef865bf,123456
c026d861,123456
daa90920,123456
e834a792,123456
160bf300,123456
41a8ae8c,123456
2cddf30b,123456
e4f7995f,123456
23e6a9e1,123456
eccb14c3,123456
fab45cba,123456
34fd9fbe,123456
6f732c2a,123456
3a84a4cf,123456
49475f2f,123456
e7dfb24a,123456
4ab11df3,123456
83ce9e65,123456
691dedd5,123456
4fdbfbdf,123456
2e45e480,123456
10a7fa18,123456
8917e1f2,123456
4e9c3f06,123456
a54b442e,123456
512248f6,123456
1599302a,123456
702c238d,123456
9002e94e,123456
f2f1c49d,123456
3e77389c,123456
c59bb009,123456
69913981,123456
c4bb2bad,123456
f3c97b93,123456
00ca5392,123456
8528bdeb,123456
7dcfe3cb,123456
14e2fbc0,123456
e46aee69,123456
e033f05d,123456
e00f1725,123456
95cddfe0,123456
5352b4e2,123456
5e393258,123456
fb330614,123456
09b8e4a6,123456
1bdac3f2,123456
c4575de7,123456
b6316b00,123456
e20588ae,123456
d55bf428,123456
33dce081,123456
9ec24a41,123456
406d6e8d,123456
9713c3b8,123456
9a00e27f,123456
d614b5fb,123456
b0355fa9,123456
b8a355e3,123456
11cd0d9e,123456
890a08d4,123456
67a0e8dc,123456
9a0114fc,123456
12f71690,123456
18826524,123456
8c487bdc,123456
9e959e0c,123456
4774580d,123456
f6789e06,123456
2823af8e,123456
783192c9,123456
95bb821d,123456
ba2c87b8,123456
da69b325,123456
7c5d8ca3,123456
0a7c6906,123456
cfab1a60,123456
83b4e4d6,123456
343aa1e7,123456
40a82e97,123456
1d782107,123456
b1bd139e,123456
7276d9e0,123456
636ab892,123456
9e0dd84e,123456
60758428,123456
6ec4c935,123456
31711e01,123456
8487cff5,123456
dda4c102,123456
f1333c13,123456
f5e31ff6,123456
48fb7750,123456
2c401e5e,123456
4e88b940,123456
8d435b52,123456
65b98155,123456
35a9a354,123456
c50ec52a,123456
db0f8214,123456
59e69bfd,123456
4b880505,123456
217c5a94,123456
21948027,123456
b4d8c6be,123456
1a9fa78d,123456
bbcbd989,123456
391e5aa5,123456
5b0f1f6e,123456
afbfa25c,123456
8399b53d,123456
6248b3d3,123456
ce33033d,123456
3143818f,123456
b132b634,123456
4a48247a,123456
df5a4b77,123456
00f92cb1,123456
892b7b5e,123456
c832faf8,123456
4c84ee2c,123456
cf99623d,123456
43bc88d3,123456
9a54ebab,123456
1ea4cd2d,123456
7d314550,123456
4cad8e89,123456
89fb37b6,123456
01c90d44,123456
816aeaff,123456
9d2041bf,123456
6c7bde30,123456
207267be,123456
e0c4afd0,123456
31de98a4,123456
c27044cb,123456
0e8ee274,123456
8bcd3e04,123456
37c1adfb,123456
cd2b0051,123456
19ea7efc,123456
9295c6c7,123456
4267e3b5,123456
cd83d16e,123456
e59b004b,123456
120a0e3b,123456
cd1d3c3b,123456
f47efd54,123456
47658074,123456
f661efa1,123456
7e618d58,123456
22d2587a,123456
831e33e3,123456
475d19d1,123456
bcd1232d,123456
4e4713cb,123456
f125f954,123456
67b9beb1,123456
fb38d78d,123456
eebbca5e,123456
c5770271,123456
eae877c6,123456
26986db5,123456
d43321db,123456
5cd0f009,123456
8b0af054,123456
fbce72b9,123456
a1c8e70a,123456
7318cade,123456
6f312735,123456
f51d9033,123456
30ceeb38,123456
8af037bc,123456
38f37abf,123456
e85bed59,123456
51fa3d31,123456
c43144d5,123456
93ebec7f,123456
265a2d92,123456
d75a130c,123456
5a9903df,123456
f11056a6,123456
02d9aac3,123456
cae87d4e,123456
a2b0809b,123456
d8a6bee4,123456
8d24a55d,123456
534c0fe2,123456
dc647e4c,123456
ad1ca605,123456
7312df16,123456
a745b6a3,123456
3b13dfc4,123456
39e028e6,123456
f9899ee8,123456
7a4398cb,123456
7ca93990,123456
b3e4b5e6,123456
8d2cd23f,123456
496f8728,123456
c89f87f5,123456
aa5ff670,123456
2573ce0a,123456
7d1d7b54,123456
4d8455f7,123456
0d348051,123456
879ee41b,123456
5e3b3eb8,123456
d3bc1ea9,123456
c0ffe02c,123456
3308f00b,123456
a41be65e,123456
3a85b571,123456
899b4787,123456
cd48c5f0,123456
a1042672,123456
cbd4deca,123456
61bb1875,123456
b6642682,123456
a74b7a9b,123456
63da514b,123456
ffa9fa4a,123456
fadca653,123456
1e9335b7,123456
df621dc4,123456
91a2e969,123456
02228511,123456
3604d1df,123456
82a490ba,123456
765de723,123456
22e81c0a,123456
d1c356fa,123456
67ebb25f,123456
f9e78d48,123456
78c1bceb,123456
89c3453f,123456
4f489244,123456
8ff51fbd,123456
7134fdee,123456
786d7c5c,123456
293eda43,123456
1cf1155c,123456
25c2a6b0,123456
c8c10601,123456
4c506d37,123456
1c5ed4d3,123456
b43097c1,123456
04f0e8bd,123456
875e2c79,123456
113e17f0,123456
d6263457,123456
eae4dbe3,123456
0356bb11,123456
75547582,123456
0e772d58,123456
2406afb8,123456
9c2baadb,123456
b2533239,123456
705f6d7f,123456
7fe62243,123456
1bad21b9,123456
f0551cec,123456
559aa46d,123456
4368ef79,123456
40298237,123456
6bfe7787,123456
6609202b,123456
04c9f715,123456
e4fe1aab,123456
27e42c62,123456
cc8bd931,123456
57b74b71,123456
05e35c18,123456
47502239,123456
4e8ab2c6,123456
1e29efb2,123456
0067d71c,123456
c35a601f,123456
d6503df9,123456
be15e4b0,123456
a27bae74,123456
88771233,123456
5cd6e749,123456
04deed2a,123456
0442d330,123456
0cc8cbda,123456
b3958719,123456
bb8cac3c,123456
b7dee0bb,123456
8ffaedf6,123456
9439b994,123456
a5e5e14e,123456
b5169956,123456
23685a21,123456
7f14a649,123456
43bffbfa,123456
cb343c97,123456
eb5d01c3,123456
98f3fb0b,123456
80bf7f71,123456
eb049cf0,123456
e339c6a3,123456
6210fe5d,123456
392ef0ce,123456
9e218685,123456
9bddc006,123456
be4d0a8a,123456
a9db2203,123456
ae54f871,123456
4c5d8993,123456
0e6ea565,123456
f7ac1b7b,123456
a266497b,123456
4eef6f9d,123456
6fdf2dcb,123456
8b1fae00,123456
222cf791,123456
f2171a40,123456
b77909c3,123456
863d4104,123456
2d2071c1,123456
a9a75a32,123456
5a565a7f,123456
e110a5dc,123456
36c28415,123456
89ad57c4,123456
e85c94a3,123456
354f9c3b,123456
d5f0dcab,123456
88fdf70b,123456
e68d8d7b,123456
b729bf0a,123456
f67136c0,123456
c00f72c6,123456
b71bf2b5,123456
93cf2dc3,123456
4a92502a,123456
f3499425,123456
7b517306,123456
ca3d021e,123456
4884c027,123456
10fd6280,123456
99d23ed0,123456
d51dab1a,123456
4c05eec2,123456
d5cd9aa7,123456
62fa16e7,123456
316a0695,123456
fdc320a2,123456
5a2c076b,123456
c89ca7cd,123456
1779c1d1,123456
0b4cb55a,123456
1857992f,123456
6e052ef4,123456
400f11f6,123456
b22010c3,123456
6174de2d,123456
a7cc25ab,123456
b3544e8e,123456
79f40bdc,123456
ea14ff54,123456
94892aaf,123456
5067a929,123456
5c682a9c,123456
53e67140,123456
befd766b,123456
5ee3ea18,123456
980e2538,123456
e600dd8a,123456
cfd187ee,123456
acd868c7,123456
b42c6057,123456
0bd62615,123456
49dd1ae8,123456
6ea989eb,123456
1876375d,123456
b76d8833,123456
6be8206b,123456
1fd271dc,123456
4fd2f245,123456
8dbaed65,123456
dda7a727,123456
e545c9ed,123456
e4874756,123456
355fe737,123456
0a3fdf94,123456
8899b71a,123456
a3e841bf,123456
f4a759d2,123456
ea842bc6,123456
064f4715,123456
d5cfe299,123456
26934a2f,123456
a487f692,123456
7377ea4b,123456
3ef95c32,123456
d5ffc5aa,123456
d95d232a,123456
745bc923,123456
72c99743,123456
cd65b3bd,123456
a8fba4cd,123456
aed176e8,123456
bdc6df3b,123456
cabc97d7,123456
939c708c,123456
218e2b32,123456
49dbca03,123456
955594c2,123456
c7b4fa5b,123456
bf4db92e,123456
6a3eda7e,123456
44d7d514,123456
e0e40ce2,123456
baa9e9de,123456
3dda8518,123456
da79eb43,123456
013cc933,123456
7b75fad0,123456
0c6483d9,123456
6851513d,123456
b6020762,123456
2a40052f,123456
7d6472c8,123456
a01eee60,123456
80b6715d,123456
35c2896d,123456
782e1fdb,123456
e0b1b8fb,123456
8a6fc51d,123456
6320c8b2,123456
e4cd2e7b,123456
c29c4a67,123456
c70e54f9,123456
b696462a,123456
19bb91c8,123456
bacc84e7,123456
252f15e5,123456
7841d053,123456
9e80aea8,123456
74a8a304,123456
0ec6522f,123456
0a37c503,123456
aa1b9964,123456
0cd00e37,123456
24b51723,123456
36cbbe0f,123456
fad1842d,123456
ff548581,123456
d233574b,123456
c2a48d28,123456
a3599ffc,123456
0b8a13ab,123456
7812fd02,123456
19a8d3c8,123456
99ece761,123456
f9ead5c5,123456
7a7eaa47,123456
6fd0cd2e,123456
4c4b6e9d,123456
cffcd924,123456
45630310,123456
a12ba4cf,123456
57cf0661,123456
1b26c39f,123456
1120f901,123456
f3c4f200,123456
081b9d6c,123456
e3020217,123456
b84f4bdd,123456
a8da1613,123456
1d88e6b2,123456
615003fe,123456
af5e9757,123456
cdc87c43,123456
86fed512,123456
64038154,123456
8f538649,123456
61122b15,123456
08998963,123456
24b4563a,123456
3247f408,123456
22bfdcca,123456
0ede6a0e,123456
fc35133b,123456
7aa73759,123456
9e1c7318,123456
0519bbbb,123456
f33c3bba,123456
7aa38376,123456
2895f2b4,123456
53e490b0,123456
be614f75,123456
ef89efc0,123456
d51aa0c4,123456
8ab75f72,123456
d7f9d9e8,123456
ced9276f,123456
044e0220,123456
5965ce97,123456
1b605129,123456
91e89d73,123456
b2eba17a,123456
a62a30e1,123456
56975064,123456
c389f923,123456
5778ed64,123456
1d6d9f1c,123456
c88ba136,123456
6f9b50e7,123456
6bfd8b16,123456
4111900c,123456
064d4d52,123456
2a4f79ee,123456
f7f777c4,123456
ba96dba0,123456
306b8aac,123456
72b80064,123456
453532b1,123456
35722fad,123456
648c2ec2,123456
2e75bbb3,123456
ebaebebb,123456
a17dd2e8,123456
19f6a07f,123456
4d386c79,123456
0d43c48b,123456
4e1affdf,123456
114c6218,123456
46ad4702,123456
8de55d7f,123456
a48d4010,123456
1560a0ec,123456
a78ef263,123456
d14a42b7,123456
271ec1e9,123456
96660200,123456
8fb70f06,123456
31e20cd2,123456
0f8c2e34,123456
c8c14ca3,123456
6f40e5f4,123456
9130588e,123456
b7428004,123456
00effb86,123456
47aabea6,123456
dcabd34c,123456
ae4a9a06,123456
8ffe1dac,123456
fc7d7919,123456
c0bd54b0,123456
d18847da,123456
14f91521,123456
41e35cbe,123456
3ef39372,123456
253de324,123456
efc048d5,123456
dd84d9fc,123456
36f25b4b,123456
10380765,123456
2f22d025,123456
2b56a3ca,123456
f6b8c5b7,123456
596e4237,123456
d945668c,123456
9632683a,123456
d49be31e,123456
e8546ea6,123456
c345b9ac,123456
cb2c5119,123456
5f7ca873,123456
e2e33e87,123456
2aef29dc,123456
8f0da993,123456
504ccfa0,123456
ba8d7117,123456
6782b883,123456
ce3429dc,123456
1562c77b,123456
899190f1,123456
edf605bc,123456
536d5224,123456
25612cb5,123456
a3f1ffab,123456
515d25ed,123456
47c056ef,123456
08bd8487,123456
8986bb85,123456
5cda788d,123456
41fd415e,123456
46f3262c,123456
880b82dc,123456
5fff7ee8,123456
26a195cf,123456
28079482,123456
15cf1578,123456
07c47d37,123456
65a09805,123456
33277bf1,123456
ae4bc9a7,123456
8bb9ee94,123456
59d4ff6e,123456
4d3d36fb,123456
248961f7,123456
55140710,123456
beed30fc,123456
92150ea1,123456
263b2986,123456
42c84163,123456
14c903cd,123456
138850fb,123456
38438b8d,123456
a86dc01d,123456
16ee4946,123456
760be64a,123456
28238e78,123456
2d323c2a,123456
a2ed5cf8,123456
cf08bba4,123456
26599dfd,123456
0bbbc6be,123456
bcee70cb,123456
663c40d6,123456
3cdc4b5b,123456
1d5bfebe,123456
3576e269,123456
e8daa20a,123456
6efd56d7,123456
053ecb56,123456
9907bda5,123456
e47d6f2b,123456
a36920fd,123456
d3580f2f,123456
dd5c613e,123456
894a4fd9,123456
4ea24c9a,123456
c68fa04b,123456
a59bc1d6,123456
01757392,123456
6c88e265,123456
f783b8e1,123456
1e259526,123456
9794ae2f,123456
e29beb84,123456
020829a5,123456
b3e58485,123456
ede30da9,123456
5180c288,123456
0fe08374,123456
4e58c66e,123456
d65ab1ae,123456
64644644,123456
d73e1f49,123456
77afc334,123456
01fc84a5,123456
65610c90,123456
bb17481c,123456
c5ef0347,123456
8388efc8,123456
8cc5118a,123456
6172ed01,123456
3deb786f,123456
f87f210a,123456
d9089a41,123456
95d3c144,123456
cabe8376,123456
38c21ee3,123456
ddc65374,123456
c2e3cef2,123456
b9f7ae15,123456
a48d7f01,123456
3b651f65,123456
7554ee56,123456
6277af94,123456
ac3b1ecc,123456
ce2e6bc8,123456
51f93806,123456
ad609b25,123456
0888ee66,123456
cecb3217,123456
12792975,123456
16fe507b,123456
12b92a07,123456
5d9772c4,123456
57335203,123456
ef47d1f4,123456
592ed2b0,123456
887e323c,123456
9fb60740,123456
e8fa0ad1,123456
8e636f63,123456
1e0cfc07,123456
a00c7d95,123456
9ccddddb,123456
57082025,123456
0fe5d71e,123456
4582a7ec,123456
97b7b8d6,123456
33de2d96,123456
7449e1a2,123456
1edb6064,123456
40fbdd77,123456
8a68cfe0,123456
cc000868,123456
70045b4f,123456
e90fc02e,123456
a53c72a0,123456
5c1ab03a,123456
a8d87dcc,123456
8c1600f2,123456
81bd00a6,123456
ef3db771,123456
427f3eaa,123456
a23d0271,123456
39ce0f6e,123456
f850aacd,123456
7335ec98,123456
88bf9074,123456
9919c14f,123456
5bb756c8,123456
a85b11d0,123456
886bd558,123456
154e8db1,123456
8829dd3a,123456
bfde68e6,123456
7c1e646f,123456
fecb229b,123456
6383e273,123456
9590ae6f,123456
4099271e,123456
4511ed5c,123456
4b5fe5e0,123456
0c0a7e3d,123456
f02e82ce,123456
a11a6f02,123456
548a6811,123456
173e83df,123456
69ca60de,123456
3174e886,123456
46812456,123456
f89eb06b,123456
a088e897,123456
60a1897a,123456
51a8ef6e,123456
b2070d14,123456
fb377836,123456
8471fd8b,123456
5071c4ac,123456
90d6d667,123456
d1335875,123456
1328508f,123456
4f2fe7ec,123456
24e51695,123456
64c7fa3e,123456
72fc9877,123456
d1bba4fa,123456
cc9a0449,123456
1736c26a,123456
8d185eaa,123456
d84e772e,123456
58849713,123456
19367378,123456
56dfa504,123456
d3cbf27c,123456
b4ef7fda,123456
3e4420f9,123456
5dabcc06,123456
e918edca,123456
2b7b704e,123456
4c736e3d,123456
c5b976ae,123456
f7f2352b,123456
c1fea46f,123456
0e9f5ab1,123456
7f9f841c,123456
bd70b0a8,123456
c984eb9a,123456
303d512a,123456
9303e6f7,123456
b840a107,123456
1868f416,123456
7470f3a2,123456
69295f18,123456
42a56970,123456
a59f622f,123456
cf112e1a,123456
1b5664dd,123456
81569c6c,123456
95a02eea,123456
6c361b71,123456
8d7b72e1,123456
a03db1ab,123456
f1b5655b,123456
87f64969,123456
64f2bb87,123456
d6c1a4fa,123456
fd158a40,123456
b5e411e4,123456
3d878aea,123456
5442cdcb,123456
79e3298d,123456
ee50495c,123456
3b653e06,123456
43aebbbc,123456
269f264e,123456
ead9f51f,123456
a7849075,123456
9b199e5c,123456
61d81b34,123456
f21775a6,123456
fefc9a6a,123456
b1c04e96,123456
1c410f07,123456
36dc9c1f,123456
58cc7e6a,123456
9cb2fafc,123456
560462de,123456
41c395ab,123456
c7ea3dbb,123456
723bf7a3,123456
39c0d970,123456
1f851fa9,123456
fd9ea82d,123456
88339b41,123456
6c080cb3,123456
dc2d3469,123456
371b64ce,123456
4b1d129e,123456
e95b8ccb,123456
3a05b3d1,123456
451806d8,123456
1982eb43,123456
7c460b5c,123456
496b0818,123456
8dc69726,123456
db676664,123456
5b7ed1b8,123456
c5d09504,123456
abd2d432,123456
e072552f,123456
b69fb47e,123456
76d8fa3c,123456
4ebff63b,123456
3967e37e,123456
afb1bc8c,123456
93d5fc24,123456
dc6b7ce9,123456
1040d08f,123456
cac78f3a,123456
423a8351,123456
22c48f0e,123456
7f226f12,123456
4c6830f5,123456
b9bd3159,123456
4503a9b2,123456
7ec98192,123456
b247a650,123456
efea055e,123456
076441c3,123456
67db682a,123456
d8124c1e,123456
2292861c,123456
0a5dbc45,123456
523d073b,123456
91e78b79,123456
fb26201c,123456
7a4b3b9f,123456
606c27dc,123456
1ccc7b6e,123456
cdc02299,123456
8ae50e29,123456
e02594e7,123456
8b45857a,123456
4f0db9db,123456
48ee1511,123456
e25e91e0,123456
26ab10fa,123456
d475da20,123456
af3e7137,123456
e8f6985e,123456
a202b7d7,123456
376d1702,123456
f4080025,123456
a5fb10e7,123456
d836bfcd,123456
f3bc26b7,123456
26eb604f,123456
444e4b15,123456
0eff6ee0,123456
f0f63aac,123456
f7ff7f73,123456
de1b0401,123456
d98734e0,123456
fd4d4338,123456
3fb7d432,123456
387c5c62,123456
95ead158,123456
dd9a3f20,123456
0828ca67,123456
486e51ab,123456
f5f06ba9,123456
72a7fae8,123456
12958426,123456
c2332443,123456
2d6dac12,123456
868d4880,123456
1b7d419a,123456
b5663acf,123456
01433db8,123456
3706ff75,123456
75e9f409,123456
6955c41d,123456
7a0e3732,123456
93692823,123456
b80d65bf,123456
0484e530,123456
0c216958,123456
37434bb7,123456
63e91d12,123456
f1853324,123456
cdb14299,123456
7ccc12a4,123456
58955fb9,123456
a092545d,123456
97e1e916,123456
0feb1e84,123456
60607515,123456
1bc9e5cc,123456
b420dcde,123456
17d97325,123456
2c45214d,123456
d56d4dcd,123456
37157c82,123456
fa87d119,123456
0faa658a,123456
41d4ce49,123456
7037f1a6,123456
b4a1a137,123456
7098bce0,123456
2b5f87c3,123456
171b7f8d,123456
b8166567,123456
7f2af286,123456
1dd333af,123456
e25eff7d,123456
b6db01f2,123456
9e69c8f2,123456
fce91554,123456
99e716c8,123456
06f2ca69,123456
76b05f76,123456
54a9e5b4,123456
8002ccfc,123456
9a0fda51,123456
400228d5,123456
ecccd78c,123456
87e706c4,123456
987c8228,123456
13371401,123456
91ef059a,123456
0eb1e5e6,123456
fd360f0d,123456
9c7c3eb6,123456
f844fdb9,123456
80457862,123456
49173a58,123456
d0d9c1ec,123456
79ec7d32,123456
0d7636bd,123456
62373a6f,123456
a3f58970,123456
a02a5fb0,123456
7bcb1a8a,123456
236cc89c,123456
04985673,123456
a7d99a53,123456
471cfdea,123456
08591762,123456
b75804e4,123456
6902d279,123456
e5b52668,123456
7c4cb0fe,123456
ccf9ca07,123456
1b8dc97f,123456
969167bb,123456
b328f457,123456
f5126803,123456
a9ba777f,123456
2c34a912,123456
4e26c4e4,123456
72bb8569,123456
341705d1,123456
d6652d1f,123456
7fc4a1eb,123456
36ddf535,123456
ee615fe4,123456
e22ccde9,123456
85979646,123456
efc9237d,123456
c00d9a6c,123456
5a0c237d,123456
26f86b10,123456
12d5c7d3,123456
73871ed0,123456
72dd4ba7,123456
80d2bdf8,123456
74d6834c,123456
0788633c,123456
62d59ad4,123456
2c97c328,123456
e7309462,123456
088b41e5,123456
a9385ad0,123456
90501cb3,123456
79dde0a7,123456
969b6e0f,123456
7fddf274,123456
c98c683a,123456
049330c5,123456
0a0cbb37,123456
0e010078,123456
7c933b19,123456
7537e30c,123456
1405c674,123456
bb77597d,123456
cc828c2b,123456
542f2972,123456
e7b5d792,123456
4923eafa,123456
12f022e5,123456
baeb089b,123456
d71d499d,123456
9052c474,123456
19cf2529,123456
536271e7,123456
b1a60d70,123456
94770900,123456
1bb1e252,123456
aeb32a34,123456
e8e32b67,123456
861ea4ec,123456
9116dca5,123456
31c1ae6c,123456
a910f39e,123456
4ee77bf2,123456
478760ff,123456
b6eebda4,123456
d181741b,123456
029763c8,123456
4883f31a,123456
77204d33,123456
be4083ac,123456
5c91fea5,123456
25d5efdd,123456
e8453664,123456
28734772,123456
dd36929e,123456
8868329f,123456
25a7f668,123456
89418270,123456
2fb0a7b1,123456
b43dc020,123456
f1eae03f,123456
bfae41a7,123456
272e6e70,123456
be376fd2,123456
9885fcda,123456
ac6d1321,123456
8c1aa381,123456
77e5888f,123456
1e86cb8d,123456
6fc7dd9f,123456
b58a49a1,123456
b03c8d59,123456
f3614ef0,123456
c710049b,123456
6579b452,123456
8541e627,123456
1ea8a877,123456
3ca036e2,123456
73c736ca,123456
576fa1d1,123456
b5ddfd76,123456
7020ad29,123456
65f62bb3,123456
8258fe91,123456
ee1f9a09,123456
851fecc5,123456
e3744302,123456
d9e7eb7f,123456
2bca50a0,123456
a61aae15,123456
7dd38d0c,123456
846500b1,123456
69726267,123456
c1f1bb6a,123456
21f8b1b8,123456
8575099e,123456
ae4a77ba,123456
4b8ccaa9,123456
a0f1907b,123456
d15ffdf6,123456
a865dd17,123456
9da1d242,123456
79176418,123456
e8090b33,123456
242e4dad,123456
221fe66d,123456
3e96ddea,123456
14a0453b,123456
3b18c41f,123456
4c8ad0b4,123456
28ff73cc,123456
880cd0b0,123456
be9c7664,123456
bfaf8ba4,123456
2401f571,123456
d087ad5c,123456
3ada90f7,123456
3ee82d73,123456
b30ce224,123456
f8a61715,123456
39d5f411,123456
6bca7807,123456
c17b46bc,123456
231ed892,123456
af52cb48,123456
ab811f26,123456
2c5d3543,123456
9fdd4e7a,123456
74553729,123456
7d9e2c6b,123456
af2b173b,123456
2561cecb,123456
596ab427,123456
b61d4bf1,123456
69c2af4f,123456
ad7e2847,123456
893d2b2d,123456
36bedc21,123456
28a1a043,123456
064f2926,123456
41c6cf97,123456
71275519,123456
172973d0,123456
552956dd,123456
92fd7110,123456
5f7ed915,123456
6e1bd49e,123456
0541fc9e,123456
9aab7ce4,123456
6f41d40d,123456
b0fe4733,123456
2fac4973,123456
246cdd41,123456
f28a047c,123456
1488ecef,123456
6a211abd,123456
ddd12418,123456
94e281b9,123456
f6f57c4c,123456
fe28f695,123456
919dd60d,123456
e9cdb11f,123456
fcad80e7,123456
c9cd206b,123456
cc5fc9ba,123456
e53681e0,123456
8a4b5c49,123456
53ef3a86,123456
b868201c,123456
cb1ad245,123456
2b7e4cba,123456
7bc1f239,123456
fec6748c,123456
0486de06,123456
7115765c,123456
02b9a1f1,123456
302ebfd8,123456
6799a148,123456
f64f4e6d,123456
dc997fe8,123456
0243e578,123456
693f095a,123456
0805465d,123456
c29ae9f2,123456
3aab9483,123456
de1253c7,123456
cce17932,123456
523c12c8,123456
90dbd309,123456
556242bf,123456
b3f37b85,123456
61160aa3,123456
8abad712,123456
fa9cfe48,123456
7687bdc9,123456
6461bc26,123456
2312724d,123456
352c3ecc,123456
25d73843,123456
81d5f619,123456
606d60df,123456
c552d302,123456
1bdd6235,123456
ebee58fe,123456
295052d3,123456
003bb20d,123456
2307b1a8,123456
50b0a7f3,123456
1ac2f7c8,123456
abff0a0b,123456
9f3fc6d9,123456
d5cb206f,123456
8c3b2f6b,123456
dcf5bb95,123456
a5f87f91,123456
56510461,123456
a268d1e5,123456
6b555705,123456
383961f6,123456
0d372b2e,123456
3a76b78c,123456
e54891da,123456
b93d3313,123456
76e6930e,123456
5e7ad866,123456
dbd46b0e,123456
99552f89,123456
84128375,123456
47e1207e,123456
58571ae1,123456
60058421,123456
a4062bb5,123456
32effb27,123456
1325e651,123456
c31fd4f8,123456
e77aa3a1,123456
48ea44ad,123456
b5847c3c,123456
c0e73766,123456
8abc48ba,123456
7d403d9f,123456
f4a86aea,123456
1f4f0d50,123456
1862a204,123456
12201556,123456
3818e094,123456
8ecfec8e,123456
23670b28,123456
fbafa161,123456
46c3704a,123456
1c7977e9,123456
ee9b54f3,123456
3e2ed263,123456
e4a803b5,123456
ea9188ee,123456
67871754,123456
edb38609,123456
52c9e2bb,123456
b968f075,123456
d9c78a25,123456
cf5d1dc2,123456
c470aed6,123456
6385e7ef,123456
02b2bb6e,123456
5db0e809,123456
1f753376,123456
bddea8bb,123456
6fbe3416,123456
72cfe032,123456
fd907fca,123456
68b960cf,123456
eda85f0d,123456
8e3f964d,123456
eeb5dbe0,123456
610f97e4,123456
4c09006a,123456
ba84ecda,123456
8d0cf1a7,123456
9c89ba86,123456
3a38db3a,123456
645fa2b8,123456
a32ec82a,123456
40cf7a77,123456
e4f8ed65,123456
3106f6ae,123456
4efe154a,123456
edb36c54,123456
5ef62c3b,123456
936c0917,123456
9eed1321,123456
7228f9c8,123456
42d7adef,123456
637b9094,123456
fe7b9cd3,123456
cce89d1e,123456
96d2143e,123456
b2ae77f5,123456
2feeefc6,123456
fb14e5eb,123456
404d99ed,123456
4eb37b45,123456
62567e93,123456
d656f646,123456
2d2afc5c,123456
af011cef,123456
475b3ccd,123456
e62750f2,123456
935e4400,123456
21f80f8b,123456
9d0f4c49,123456
0250730d,123456
44227adc,123456
60bbb9cb,123456
c0a62e52,123456
896154d9,123456
779de4e7,123456
13605c4b,123456
a6de4200,123456
cdfa6858,123456
c9ef8f79,123456
06befb52,123456
720c336b,123456
a8f1a393,123456
bd04883f,123456
4a0c1e08,123456
b0bca9fd,123456
1023538a,123456
aa0d7d1d,123456
f4da3228,123456
8737b14a,123456
def9f01b,123456
2e20fccd,123456
90a16892,123456
3aeee3f3,123456
a55f189f,123456
74e0a5ee,123456
c8eb78c5,123456
660c3a5f,123456
8ae37af2,123456
a66b29a5,123456
4468bbb7,123456
0d6b2b8c,123456
c2d1bf88,123456
9efde809,123456
3bfbccf6,123456
8b71772c,123456
24aea2a1,123456
89fcef3e,123456
56aa84a0,123456
c605ad7a,123456
464ef45a,123456
357e58ac,123456
eb220a07,123456
f7d53b58,123456
0ddd78d7,123456
21b48ec1,123456
e3b321b5,123456
bd3114b5,123456
4035c536,123456
a6d289ea,123456
da7ed103,123456
9e29f7e8,123456
dfec01ad,123456
200d084f,123456
3a418a6f,123456
827ebd38,123456
90ec66ee,123456
f738e26e,123456
67d27ad2,123456
029d307c,123456
2427774b,123456
3b663197,123456
2c30e666,123456
ca9c1a90,123456
bbcfa419,123456
e9671891,123456
7df15c53,123456
4ac5839d,123456
763e87e6,123456
f2c183c5,123456
c69b971c,123456
8cfa05cf,123456
8a0ccd02,123456
aed5bac9,123456
3c760669,123456
b643c292,123456
e8075c2f,123456
231eb22c,123456
e36c9589,123456
a18f1121,123456
97c29f90,123456
12f5cc28,123456
d06ac091,123456
bce682bd,123456
f79847ad,123456
713c3b5a,123456
891785d1,123456
b86848e4,123456
7ec8470b,123456
dee59957,123456
bb9d7744,123456
f6cd1111,123456
ddacda13,123456
379373e7,123456
34a5c0d8,123456
886692fa,123456
3eb0dbcb,123456
5ea3a8bc,123456
9beccac3,123456
ebfe868f,123456
06ea5393,123456
c53bf800,123456
5f6bdd57,123456
bfea04cc,123456
663965e8,123456
e3ad0d46,123456
03b1193c,123456
b56fbb14,123456
c8138ec5,123456
e3d2b8bb,123456
8634d33a,123456
ec4b4147,123456
0ea0f5b5,123456
79462658,123456
9b2d2414,123456
f5b06828,123456
2ff86eb6,123456
12b08c7a,123456
5a9d5efc,123456
d6de1d14,123456
3ca832b4,123456
34a24942,123456
137ea15f,123456
b564d02c,123456
d99d8aba,123456
8c10e675,123456
ef13111d,123456
499e8c94,123456
a4dbec83,123456
d409fdf0,123456
c5db3565,123456
803193b6,123456
2eb66dc7,123456
1e10095e,123456
0445d54b,123456
918ce4c6,123456
a73e7540,123456
f0ed011f,123456
bc6abf7e,123456
a9dba325,123456
8f41bc93,123456
84d7bb2d,123456
8913eb03,123456
995ef4cb,123456
dbd22421,123456
4bb62e6c,123456
f763c600,123456
eceb8f92,123456
24fe88df,123456
77c802aa,123456
e88f5a0e,123456
64b96a97,123456
c31247f5,123456
37dcaacd,123456
66ce46ad,123456
97da62d5,123456
c9a17467,123456
b773130f,123456
c5823a57,123456
e0888bcb,123456
663148ec,123456
be9d71ca,123456
b06373ed,123456
5e20f916,123456
a1398f8e,123456
995b1fa0,123456
5a029c69,123456
c47c8634,123456
2f445a92,123456
60db5302,123456
4cd0df93,123456
1a6281a4,123456
13714bb4,123456
45796c0c,123456
4f102f0c,123456
4286ce3c,123456
adb681dc,123456
84108330,123456
8bfa81dc,123456
b6d0cb73,123456
9279d3aa,123456
cc535347,123456
eb6ceea4,123456
44dc6212,123456
51f4017f,123456
21f1d3d5,123456
53fcac53,123456
dfda1dcb,123456
3f447067,123456
92583acb,123456
eba4fc6c,123456
92c8d69e,123456
cbbc7829,123456
84290f3c,123456
86d10df8,123456
3da95e0d,123456
932ab664,123456
2b2f3529,123456
12eaac0e,123456
827dd77e,123456
994ea57c,123456
a6c6fd6b,123456
f2e48fea,123456
a0895c8b,123456
2f79716a,123456
76108127,123456
c618ca04,123456
80a25087,123456
84627ec5,123456
d2a4ba84,123456
9524db9f,123456
86575b33,123456
0c75d408,123456
218cbc18,123456
a5d418cc,123456
017949ef,123456
c2e68806,123456
432201a3,123456
7ce2d776,123456
4b8c5a06,123456
a9c47507,123456
22630169,123456
28e95bae,123456
f0af9c6a,123456
aeb5732f,123456
b6d7ac15,123456
b6ce0e2b,123456
41e05199,123456
e85d234b,123456
4f3f3684,123456
6735c5df,123456
2daa7d42,123456
397c3e4a,123456
bf38c80b,123456
6c203414,123456
2228529e,123456
b8e56cc6,123456
afbb4def,123456
3359b374,123456
5e9d2328,123456
6a40c75e,123456
c11ead3c,123456
771b877c,123456
802c1c88,123456
38a6b9b1,123456
e4d0dee7,123456
75916a7b,123456
185d5036,123456
0e3c55a9,123456
0ce390e9,123456
a6924209,123456
ca2322cf,123456
e1d222d8,123456
e166a39c,123456
f3413713,123456
cce01b67,123456
bf28729d,123456
5adcd525,123456
e6f3e297,123456
aa9711ab,123456
72c19511,123456
72a2e7e1,123456
795de45d,123456
e4d13e02,123456
53f4f460,123456
9cb6ea80,123456
e6b45c46,123456
e620cd4c,123456
ad3f2849,123456
5604925f,123456
ba6b4e0c,123456
33527287,123456
bcacf3e6,123456
0d749010,123456
cdf45e3d,123456
37849437,123456
cc4da1ed,123456
e03cf5b1,123456
b2f321b6,123456
e4bcfaa6,123456
bf0e9890,123456
7fc2750e,123456
26e8a771,123456
1d57087a,123456
3c7287a8,123456
7a79781c,123456
93844bc4,123456
d7ee28f3,123456
f0d0fb87,123456
a506f0b9,123456
4e429d4c,123456
db519b93,123456
e8227c7d,123456
56fb4581,123456
5de691b4,123456
b006036b,123456
06ee4306,123456
1f3fddd3,123456
695b3a3d,123456
558e0df4,123456
92f6c00f,123456
b1b6159e,123456
06ccaebd,123456
916d1e3a,123456
49eee466,123456
cf52196f,123456
486f55f4,123456
dea5d512,123456
36f8a81a,123456
54fc2e21,123456
d1095395,123456
d8502e8f,123456
68a087da,123456
88110d4d,123456
e89f4f9f,123456
dd6aadfa,123456
9d3765aa,123456
16995aea,123456
97042d2a,123456
d58e2bd6,123456
b99484a4,123456
46171191,123456
4120867f,123456
c32424dd,123456
3a4e9809,123456
2e1af325,123456
e2a08e80,123456
36f0a189,123456
6d80b34b,123456
da029f46,123456
b5efab2b,123456
8ab7eab1,123456
36a8b812,123456
5ff8f0ec,123456
88fac161,123456
c89d8111,123456
4d3d4c42,123456
16c92102,123456
e3227043,123456
e97b904a,123456
edc0f601,123456
218e9161,123456
bece1656,123456
af1b59ba,123456
71f6a6d5,123456
9bcb4922,123456
b7722620,123456
5fd8b7db,123456
e1ea7746,123456
a59953ac,123456
41ce8f0d,123456
957cd2bc,123456
9baa1744,123456
21bedc69,123456
3dc981a5,123456
3d2bd3f3,123456
33d2142b,123456
9555b84d,123456
45abe2bd,123456
e136674c,123456
f6b43e83,123456
4057ee9c,123456
2a58ac18,123456
d2f6d40f,123456
163a5678,123456
1463a79f,123456
aef41471,123456
e3e83c90,123456
ffac95e5,123456
afa4607e,123456
f590161e,123456
dda9e6a6,123456
131e5a6e,123456
cf9aed94,123456
b1bd9220,123456
2f1c539c,123456
e3fa7b25,123456
032ef2ba,123456
e3e94e52,123456
330935c1,123456
9a6f2f4b,123456
c93b0cae,123456
34db0f11,123456
0bb3d448,123456
4b774a61,123456
36cf60ee,123456
83cae95f,123456
0b902f1a,123456
a90ce354,123456
3d03b3f5,123456
a602ff8e,123456
6f636fe7,123456
81bf5991,123456
23487909,123456
02e8c88c,123456
bc9763bb,123456
c6b26304,123456
e07d0693,123456
dc5fa29d,123456
2e559271,123456
151613ec,123456
e2bdd79e,123456
8ecd18e3,123456
e55cef48,123456
9e4ce610,123456
7d87c2ae,123456
45b2a424,123456
650f319a,123456
a5d40867,123456
bf29064e,123456
644d51a9,123456
2aae1684,123456
bcf97b31,123456
c79f341a,123456
6874d330,123456
0c09d5ad,123456
d75fab07,123456
a5831225,123456
e55043f8,123456
ea8296cc,123456
41a80815,123456
2512401c,123456
a14d260a,123456
c0e3d9a0,123456
c3bbda32,123456
03d711cd,123456
d9872b31,123456
b849b1c6,123456
4dd978c9,123456
b5dc2cf8,123456
38e76c97,123456
2ae43496,123456
8d33b043,123456
755e3d70,123456
558ea433,123456
d0c2dc22,123456
9b29e9e6,123456
ec580d84,123456
015d1f3e,123456
c672af03,123456
df47e5e5,123456
ff43247e,123456
7ff061f2,123456
3a525282,123456
4059b4e5,123456
54899fd5,123456
0bb4b10d,123456
385f6aac,123456
90a66bd6,123456
acc346d2,123456
144ed59b,123456
a416b236,123456
2432d16c,123456
449ea3ba,123456
a2bdcdce,123456
22a07154,123456
96b9cad4,123456
525666bd,123456
d0494c3f,123456
1829d621,123456
d2490a99,123456
40dc7026,123456
d1e70bc3,123456
d7adf006,123456
2bc61bf9,123456
b22f09e1,123456
a57f8ce2,123456
0b5cb030,123456
ba0a1a31,123456
3bdb187e,123456
437a5ac9,123456
be838b25,123456
54a70795,123456
0230964e,123456
69d0c6c2,123456
d3786184,123456
bc797b03,123456
02781703,123456
027f6832,123456
468a1297,123456
21d790e9,123456
99008272,123456
7a6afa5d,123456
f4ded1a8,123456
5dc6d074,123456
67810bca,123456
955b0a5e,123456
94590f4c,123456
98815b17,123456
295130b7,123456
000ed45d,123456
51a1d6af,123456
3d6bf910,123456
68bf2641,123456
38fc5c5c,123456
b6a142e4,123456
a90875ee,123456
0a0fd16c,123456
1dc5872c,123456
2b392beb,123456
882eee62,123456
3b9f2fbf,123456
ff5174bc,123456
84bfb52f,123456
8051b0d8,123456
3fe37bf4,123456
c722b7ce,123456
2ba558e0,123456
a1ee255c,123456
e007fc95,123456
f42de190,123456
774be838,123456
0f21c901,123456
2dc68f50,123456
26120f09,123456
790dd33b,123456
e6610ea0,123456
91e1ce87,123456
e96d7126,123456
6407d790,123456
1b8db165,123456
185b6b00,123456
fa092fd1,123456
dd87a4b6,123456
54945692,123456
cdff9d11,123456
315cb5df,123456
5e31185b,123456
c4b26c14,123456
163a4d9a,123456
a1bf4a18,123456
1f1cb298,123456
9820bc72,123456
eb332d47,123456
d288396b,123456
b0e3d7b9,123456
1a49c636,123456
71c3138b,123456
7144d3c0,123456
1c85d197,123456
d94a51be,123456
d005329e,123456
124ef8c4,123456
6ddc0112,123456
564c619a,123456
1b1b8123,123456
8d422008,123456
55f0eea1,123456
9ca67507,123456
db5e3175,123456
f2da82c8,123456
bcd1135b,123456
e49beab8,123456
811e31db,123456
3aaf7868,123456
a86bde72,123456
973ed37c,123456
e8c39e59,123456
5c56261f,123456
98f8602a,123456
9e91affb,123456
51a24544,123456
a2c33958,123456
661a5994,123456
37d4af14,123456
97a664fb,123456
1f6702a1,123456
950e0562,123456
a42069e7,123456
b22d4827,123456
a1e390d6,123456
f93f04ea,123456
84b6275c,123456
d47e2152,123456
170e0f88,123456
39e3c05b,123456
924d1dda,123456
b9448795,123456
7d05327d,123456
215cf0ed,123456
6cd6f3cb,123456
7cff13c3,123456
76b69fc1,123456
3cb706a6,123456
49fc87f4,123456
cb73eef1,123456
2a489221,123456
2e6254f7,123456
c25f0eaa,123456
a9593890,123456
093eda1b,123456
f74b490e,123456
895bd903,123456
190a5bc8,123456
ac81beb5,123456
e2b9b867,123456
97349ca6,123456
c55f01bc,123456
da19373f,123456
bca68e55,123456
71cc7b8b,123456
959d5fc3,123456
771419d7,123456
d88f4582,123456
a6f9fc2d,123456
9ee16bb7,123456
05e03d2b,123456
5ead64cb,123456
0c37e2b6,123456
7a113bf0,123456
635d9459,123456
a89934d4,123456
fb041ba1,123456
d0e5fb43,123456
a8dcc5c2,123456
24aa8ee1,123456
b1ee0f82,123456
5a6eec76,123456
17710ae7,123456
79ff77e9,123456
98cfd928,123456
a77c8a63,123456
200db147,123456
bea36105,123456
75a80ad7,123456
9e3b74b5,123456
dfaaf712,123456
7192c71c,123456
17fccfa5,123456
623324a6,123456
3c1ac1d0,123456
556f3b9d,123456
0de81d7d,123456
8f4befbf,123456
216afe98,123456
d8588b0f,123456
7a33f0af,123456
0ae08d21,123456
d7b88af0,123456
57f42665,123456
f5fedc77,123456
226a2b64,123456
eca459c8,123456
acdbdc8a,123456
bfb734b6,123456
ef8de87f,123456
996f052b,123456
68b41b3b,123456
69551f16,123456
52a815f4,123456
96cecd29,123456
2cd4735a,123456
28093f97,123456
765a2904,123456
28e50f8c,123456
31aba246,123456
8334ff08,123456
a1ce05e2,123456
5817ea71,123456
a135c19a,123456
9480e5cb,123456
84e078b7,123456
6c5d4ae0,123456
c3fc997d,123456
931d77ce,123456
835e5dc5,123456
3c10c70f,123456
c9b7e301,123456
dc535abe,123456
3486c809,123456
adde8538,123456
0587efa2,123456
fdc18e22,123456
ad5c3425,123456
29cf7fba,123456
4d1f2aa9,123456
7b4f75f1,123456
8c52c03c,123456
313180d6,123456
3bc7c9b9,123456
c541065f,123456
b7750270,123456
10ad04fc,123456
bd96bd37,123456
5ee1c626,123456
727e226c,123456
b82b33f4,123456
bf4c069e,123456
b2374a3d,123456
0a0aacb9,123456
ac23d2fa,123456
8da78b53,123456
d20d89ac,123456
5d395309,123456
cfca4294,123456
b2616675,123456
1b083935,123456
406f03e5,123456
bba14e19,123456
165a006e,123456
1b5ba812,123456
5a543909,123456
a6950551,123456
a62add5e,123456
67adde93,123456
b5f79be0,123456
48b6c8c2,123456
a790b0d6,123456
c8769750,123456
f5039f06,123456
d930dc7f,123456
2d8b8504,123456
e9054069,123456
de6be5f3,123456
1680beec,123456
dc97a8e1,123456
1aed849c,123456
70db3c54,123456
9939410f,123456
f6f7b11d,123456
7327d8dc,123456
3d376e0a,123456
3f415d33,123456
2016af4d,123456
1e31d573,123456
ead5a46f,123456
aa3507d7,123456
c6a05935,123456
57adffd5,123456
b0094fbc,123456
15692646,123456
f14d24f9,123456
bc7f91ec,123456
7df496d6,123456
1e5e2e3f,123456
17791f59,123456
05bbfd8b,123456
a8754a49,123456
745327e8,123456
2e5c29ff,123456
4f811347,123456
784ff2af,123456
498b7907,123456
6a186e61,123456
933b987f,123456
b2203cfd,123456
e0aadc6a,123456
598c7bbc,123456
b525facd,123456
7b6e49a0,123456
04f3d35b,123456
60ace5f8,123456
d52db291,123456
e7170cef,123456
32a2c1b5,123456
9a56bc27,123456
49f217a4,123456
80e69f43,123456
2b9220da,123456
4586fd41,123456
bdf1e593,123456
d3536f35,123456
58a710e0,123456
0cda1903,123456
b0cf1210,123456
b172647a,123456
a5e8d1ce,123456
04ff8eac,123456
7694be8e,123456
a7862a41,123456
80507737,123456
1fdea3b3,123456
63b3f8f0,123456
1ca51dcc,123456
620e30e2,123456
dc7aa24a,123456
123b04e5,123456
f1a33fa9,123456
6cfdf5ca,123456
75475bfc,123456
f6ffe4eb,123456
64bc071c,123456
0be2284e,123456
3b0faf8a,123456
93a83987,123456
9eaef1db,123456
74c13f66,123456
63cb78fc,123456
3b044354,123456
028a7ba4,123456
d881f8a5,123456
0416662a,123456
ecba119f,123456
1c14eabd,123456
907e0eb3,123456
436065cb,123456
38906366,123456
e5fb31a0,123456
7cc56480,123456
6e04109c,123456
9cb5606b,123456
e933dbc4,123456
ccb37bbd,123456
b194215b,123456
b8ae96a4,123456
c7c3d7fd,123456
07958461,123456
fac192b8,123456
f6e25982,123456
13355ec1,123456
262b62db,123456
b444b1da,123456
a67d58af,123456
d1a59d25,123456
a1e45f5f,123456
0f17a8dc,123456
8d2093c4,123456
eccd3c1f,123456
8ac5aa9a,123456
1b3237cb,123456
3edb89d9,123456
716036b1,123456
b2d10d2f,123456
ccfdc3b5,123456
3b9b399f,123456
fef40369,123456
13586ab4,123456
4d1cd6eb,123456
26c713af,123456
7d3df303,123456
0a15b345,123456
8bc7360a,123456
ff209666,123456
6f74297c,123456
20233187,123456
ba8ec047,123456
e57e7d71,123456
57ada2d1,123456
b4e2ffbc,123456
dce060e0,123456
b167d393,123456
662d490b,123456
991eb14e,123456
86d472df,123456
edf21a14,123456
bb9a7245,123456
2f1535eb,123456
c06240e6,123456
59d49052,123456
65eeaf7c,123456
443c9fd1,123456
61e430f5,123456
57345807,123456
90754426,123456
93a02714,123456
dd68f1b8,123456
6bdf7809,123456
7fa51557,123456
c8942427,123456
10238251,123456
96df8468,123456
0b515a6b,123456
ad679446,123456
f94af7b9,123456
46017c22,123456
4c747e7d,123456
0cf07db3,123456
a3f65ac4,123456
4e45bfb4,123456
4c1e609c,123456
f1385c1e,123456
4b3d1e39,123456
61b03c06,123456
09f81489,123456
a327d2f8,123456
e8df1065,123456
6ac49394,123456
92681626,123456
d658ccf0,123456
10ff8801,123456
d496aff7,123456
439c33d9,123456
1e4307a0,123456
2f84dfdc,123456
bfc0ce2c,123456
f0bcc230,123456
d05e93c8,123456
0e5177be,123456
d848f7a1,123456
1e676405,123456
00d34b0a,123456
19978a13,123456
7beaaa13,123456
1baa39de,123456
fd4490a0,123456
1694eef4,123456
7e4bc872,123456
ac3a226f,123456
5bd5336b,123456
6ae9dea7,123456
9b0d1271,123456
a4d4e892,123456
365291ac,123456
0cf6f778,123456
b2ddc8bb,123456
e08b452b,123456
421ee6d6,123456
df55442c,123456
f9f5a6c8,123456
5dc7f7d8,123456
f8c91be4,123456
7e25bb99,123456
ed9c6304,123456
f12a6df9,123456
9d2bad69,123456
2972da53,123456
b0e2d2af,123456
7869d206,123456
05b490ff,123456
5a8fda4d,123456
552933e5,123456
358c6c90,123456
0c67c743,123456
307b53ee,123456
b4304506,123456
566b2ada,123456
71c05ada,123456
f676dba2,123456
e844dc8f,123456
3f2c75e5,123456
90e29906,123456
c3bbe61e,123456
cadcf855,123456
5763c7d7,123456
153ecb3a,123456
3a31f9f6,123456
458fa84b,123456
910c7ef0,123456
ce3de1c6,123456
cf6a52f6,123456
1700c081,123456
d84a2fb4,123456
9bd8a838,123456
eee3d892,123456
18dcca86,123456
a85af712,123456
7a4135b6,123456
4177aaf6,123456
aeca3e97,123456
d15d3a91,123456
e4535a91,123456
7959de52,123456
4a450078,123456
2a304f89,123456
9a614d03,123456
cc5834e2,123456
834fe5e1,123456
ef1f9217,123456
601ba767,123456
74fd3d5f,123456
617d33b4,123456
2bfebcf3,123456
dc74e188,123456
530f2db0,123456
1bf0cd8c,123456
ea5053d7,123456
6f6aff4c,123456
f25fe5d3,123456
2cf6f69e,123456
8e02ea3f,123456
f9c4cb02,123456
8e544d26,123456
115acd1f,123456
4a966a93,123456
99dcceed,123456
622735ca,123456
6983a41d,123456
ce474ffc,123456
bab5657d,123456
44222946,123456
6bea7e35,123456
d33f4a05,123456
05eaa597,123456
17a8dd6a,123456
83cf5218,123456
e7021a48,123456
30772798,123456
da73917c,123456
b3f44ca7,123456
89fbf30c,123456
f401d576,123456
075aa3c7,123456
99f32910,123456
9d419588,123456
459c7296,123456
f7f3330c,123456
dd5d1962,123456
ce837286,123456
d2970f72,123456
27ebf415,123456
e1d3c09c,123456
7315793a,123456
b2fe48c7,123456
49998fc6,123456
6e528bed,123456
e985750c,123456
1e3acddc,123456
b17a44b8,123456
c497ea67,123456
19dfcbac,123456
b2891a79,123456
466e7df6,123456
14f810c8,123456
d21f518e,123456
5fa6c694,123456
82befa58,123456
4df5f95e,123456
f2769bf7,123456
cce07d67,123456
5871c434,123456
b445804b,123456
ec0562e8,123456
df91704a,123456
321dc85d,123456
753da5f3,123456
dba635e5,123456
a493015e,123456
94bb05bd,123456
d0567257,123456
1669ea69,123456
33a4bd83,123456
43a36fd1,123456
1f82ddfb,123456
ea40ea17,123456
4a36335f,123456
c336f221,123456
a2eb8396,123456
d81800b0,123456
4942e2ac,123456
33bcc0cc,123456
ebe324c5,123456
e8186f44,123456
201b5f8b,123456
c05fc490,123456
5d53e7f4,123456
059a054c,123456
3ba73460,123456
78d687c0,123456
361f32f8,123456
b4e28a0e,123456
b57461aa,123456
67ddbab8,123456
8c1b031f,123456
fd3960d5,123456
0381ad31,123456
178f743b,123456
23b99184,123456
4e09fb96,123456
c7e9e2e4,123456
d5cfe288,123456
16d0c1dd,123456
896438de,123456
aa49f3d0,123456
90ade96c,123456
a58e0639,123456
00ebdb5a,123456
5050cd18,123456
8c5c3a6b,123456
2427a2f4,123456
89dc3f14,123456
d782b0ea,123456
e441e09e,123456
7e098dd1,123456
ab6fa6a0,123456
c6183f96,123456
80b1c505,123456
21571667,123456
8691e60f,123456
20c731f2,123456
643eea52,123456
485e16bc,123456
10d83750,123456
4e21c396,123456
fe93fe52,123456
b49f6085,123456
a94db4fe,123456
9b11b376,123456
306fe03b,123456
514fb848,123456
99902585,123456
24256e05,123456
37cf9ddd,123456
0b494d24,123456
60ec1d8a,123456
5db4334a,123456
9ba0abf0,123456
c9468162,123456
32caab63,123456
d18815fc,123456
011f44c9,123456
3636f7c1,123456
34370904,123456
db7b2695,123456
d6fe2d86,123456
14f0b0a2,123456
f3d1d888,123456
1673db1c,123456
2c029d03,123456
e61d116a,123456
de79f520,123456
8126a1d2,123456
480d3d4a,123456
44e5d392,123456
645f6003,123456
a2ee2f83,123456
c73a10ac,123456
ba33af82,123456
51187bfc,123456
16741c03,123456
9356ee8a,123456
c5e8167c,123456
f1bfffa3,123456
a9c02e4b,123456
d24e5f2b,123456
35112e53,123456
7312cdbd,123456
7e45b5a1,123456
4eb85463,123456
8be1e5ad,123456
fb2440b0,123456
a0599460,123456
8e006635,123456
edf092bc,123456
7f5fdd7c,123456
27c45c0b,123456
18584a99,123456
69bf6a9e,123456
d857e081,123456
5df402b1,123456
a1ca7a45,123456
d9b53da2,123456
73e1ba1b,123456
782f8fe4,123456
53027f9f,123456
b64bc0b2,123456
34eccf46,123456
5625f50c,123456
1d3c132c,123456
14cecfc7,123456
24b4b3bf,123456
5dfb1d2c,123456
2dee1844,123456
4e7787ac,123456
e6c27528,123456
57f3a667,123456
dbcf6cae,123456
6e5d4401,123456
3f2dc7e0,123456
59c44b28,123456
8e927f90,123456
dff7d500,123456
fc220fcf,123456
65fa1c48,123456
ae9f0bee,123456
dcd570f5,123456
6835e9d9,123456
02f02f05,123456
c2d6bfcf,123456
bfa1ddcb,123456
0db2c538,123456
d49723f3,123456
ab7c8212,123456
15f0850c,123456
9211febe,123456
8b453e4f,123456
dfc9089c,123456
88cd6a8d,123456
0f56655c,123456
01b32f37,123456
62ad7376,123456
05d742bc,123456
7c2286c5,123456
38bf01f2,123456
629e5fb7,123456
24212686,123456
8ce2c40e,123456
33eecfd2,123456
c1d9f16c,123456
cb6e0176,123456
4fa6a567,123456
0e874d44,123456
ad8b854e,123456
86901bed,123456
ecbcdf33,123456
d1ff49ec,123456
12dbdc0e,123456
889bbee4,123456
68a5fcf0,123456
26a34422,123456
fc6378ff,123456
b14e8e38,123456
6187a3eb,123456
b52a214e,123456
ffae823c,123456
4a499885,123456
5c721180,123456
c0b065e8,123456
6d670011,123456
c246e126,123456
0068c133,123456
38ad71bf,123456
c9d318e4,123456
bfd8ac70,123456
cf4c5d6f,123456
b8e3554a,123456
dab523da,123456
9e937dad,123456
94776176,123456
015351f6,123456
f1a38d8d,123456
9147e507,123456
93e0858a,123456
0ed7bb96,123456
9589b207,123456
bce08a33,123456
d5a46f94,123456
b4119d22,123456
85e396e3,123456
d68fb7ab,123456
eadb58e4,123456
629e0113,123456
25f1e26b,123456
dc1cc97b,123456
0fd7e18d,123456
6c8fa04b,123456
f5846ea3,123456
88f5dee5,123456
1434eefb,123456
2d092512,123456
99210f58,123456
99dbed4d,123456
81193655,123456
127b445b,123456
cbdfc998,123456
e2e39cd3,123456
5011b8bf,123456
0a7dee09,123456
a5827dae,123456
ffbbd4be,123456
9db1da99,123456
c7ac7ab6,123456
ee641a15,123456
6a8f23f4,123456
9f588361,123456
4ec7465c,123456
5f163392,123456
76337cab,123456
599f2594,123456
ba63b39f,123456
abcc2348,123456
05b1c60c,123456
7b9de049,123456
5021313d,123456
61777b37,123456
da2818d9,123456
2f69f45a,123456
e2b2d396,123456
ca1f8968,123456
1be15b59,123456
2861fb0e,123456
95a8b060,123456
ed28ebaf,123456
3f7a4e9f,123456
a64b14dd,123456
894775b2,123456
d1d64de3,123456
802acfff,123456
587b1f90,123456
a9825526,123456
da2d47a9,123456
60310ab7,123456
02266eae,123456
cf8ce7d5,123456
e9d5d839,123456
737067ab,123456
1dda1d22,123456
a10c875e,123456
22d70d0e,123456
40135f1c,123456
2ac0da75,123456
a66a200d,123456
39b124b3,123456
68638511,123456
a74cad93,123456
fa88013c,123456
20dc048f,123456
b8650a73,123456
62c5a128,123456
3f9f2a4c,123456
7ee5c931,123456
4ab75f23,123456
c165e0d8,123456
16f3b46c,123456
943cd194,123456
f7798d26,123456
eca3e438,123456
645b528e,123456
fefaff9f,123456
b9b65887,123456
9ddd8126,123456
a10b8488,123456
3f91c095,123456
9a97b8e0,123456
6566b7fb,123456
9a17e5c9,123456
223e8b69,123456
d9b33e33,123456
241225cd,123456
e5841a20,123456
8a9765d9,123456
33fcf54c,123456
e5ba36b8,123456
e918fc1f,123456
8109e798,123456
d3ae850e,123456
83e45814,123456
744e3e43,123456
0ade7d02,123456
c728e437,123456
f8319f49,123456
0741396e,123456
ecabe21c,123456
70ead081,123456
1be3e6ed,123456
6a5acf7a,123456
7cd6bd13,123456
c41c7f7d,123456
27f394b1,123456
065c8e8f,123456
a11870ff,123456
ae790a3d,123456
79ac8ef0,123456
e26c4460,123456
6e1e629a,123456
185643cb,123456
2f433b54,123456
dfbd0e8e,123456
01b07af4,123456
d9a91b24,123456
aaecfaf0,123456
c74d4c65,123456
0738ca00,123456
bcfd38c1,123456
2d9576c4,123456
3f96732a,123456
6cdaff62,123456
32940eae,123456
80fae7fb,123456
87e5dd24,123456
b8911c6d,123456
20093d08,123456
bb495e31,123456
fbd3bef4,123456
583aeb02,123456
006fd32d,123456
a8da3e1d,123456
54f39642,123456
6f2c00f2,123456
4fd751a8,123456
4095103f,123456
8b9e59c0,123456
e91fbc84,123456
a6ed3031,123456
dcd7250e,123456
22ad5ce4,123456
ce69981d,123456
4045677f,123456
2500fcb4,123456
7ded05a1,123456
bdd2da0f,123456
f0dde913,123456
da070bd8,123456
6f44a26e,123456
0a079c7f,123456
4fc9ab8d,123456
bcb6d8db,123456
9145a5f6,123456
f77191e0,123456
545f3958,123456
dade1063,123456
38de5a6b,123456
1941f53c,123456
b135df17,123456
31621095,123456
1d011160,123456
e6c60966,123456
c66796c4,123456
bc6059c2,123456
d64544ff,123456
7110b934,123456
f516a80e,123456
bddc010a,123456
b93b84f9,123456
c46a84f0,123456
6fca9000,123456
8a452bba,123456
4ef2d4cd,123456
031589ae,123456
96b5a693,123456
31a40b09,123456
39b19b4e,123456
fe800eb8,123456
16ec7909,123456
35a62b18,123456
c8346571,123456
44387940,123456
80de6b2e,123456
fb0b625e,123456
917e15d6,123456
81fbdb63,123456
e0b3eff9,123456
cad23393,123456
1f69934e,123456
32041744,123456
e2498a03,123456
5bbd6738,123456
2a2dc2e8,123456
08bce3ed,123456
4cddce82,123456
7a578204,123456
de53f552,123456
95048ae7,123456
6d1e0e84,123456
a7ef9657,123456
1ffec1f2,123456
036cf15c,123456
155ba1a6,123456
c674eb16,123456
7ae7e443,123456
6e23cc73,123456
c8addcbf,123456
148af9fa,123456
e42ad3bd,123456
b1a6b0cb,123456
a5c4e6cc,123456
d85226b3,123456
f28778b5,123456
450a712e,123456
7893076e,123456
69d00ddc,123456
4fbb5c73,123456
399915ee,123456
8dc53940,123456
ee418a7d,123456
a925b71d,123456
dd271682,123456
94fcef58,123456
05fcaa00,123456
e15697ed,123456
fa2788d5,123456
a2f3db9a,123456
21c73f66,123456
7105de34,123456
de92955f,123456
16223f34,123456
4c1d4aab,123456
87448c4e,123456
e6ad0cc7,123456
9fef08e6,123456
7d5a7926,123456
6e3d3ca8,123456
58571e2b,123456
f0e12583,123456
bada4ef7,123456
40dba9e2,123456
06396746,123456
95d812cb,123456
7be827ef,123456
51e2f6d4,123456
f618fb56,123456
1265e730,123456
10a9663b,123456
e5fc0e55,123456
1fb3645c,123456
e12b9764,123456
a8bcc43a,123456
84adc4c7,123456
1c7db258,123456
bfa34c8e,123456
7e037ddc,123456
f704fdfa,123456
66436732,123456
384f8bbc,123456
becbacd2,123456
c59bd88e,123456
fbe0f628,123456
5f3e99c2,123456
49c50139,123456
e7edf7db,123456
fbcf4edf,123456
7d928499,123456
f084f025,123456
0d172a0d,123456
7f24755b,123456
49886407,123456
2d92c5dc,123456
206a0c39,123456
adc5add2,123456
af37388d,123456
051923d8,123456
ef4e5aaf,123456
edf88512,123456
689448e2,123456
66758592,123456
a61276ef,123456
4104a832,123456
4b4f6874,123456
7a48cfc1,123456
d664cf8b,123456
3d411236,123456
90054b7a,123456
7663f175,123456
8ebceff5,123456
f5bd1406,123456
480a131d,123456
386fedc0,123456
def804c5,123456
4a7c721c,123456
efb24d36,123456
632e575a,123456
c172c481,123456
54f94dcf,123456
297349ae,123456
ff18c94c,123456
40d521ac,123456
c3fffe5e,123456
4bcbbd66,123456
d65203eb,123456
7b8e70a1,123456
1521754f,123456
b2408fd3,123456
a4f4015e,123456
b82d43b8,123456
3c3d1d93,123456
7c5673d8,123456
8cd8928c,123456
4718500b,123456
33fa9ceb,123456
2dbe53c6,123456
a1b69e8a,123456
211e34ae,123456
e92dc19e,123456
14577a1f,123456
97970f1e,123456
23e431f2,123456
7d36cc21,123456
cbb0d792,123456
22f38ea1,123456
4088d75a,123456
b0c1145f,123456
53a610ce,123456
2a4d9463,123456
a092431f,123456
4ac394b1,123456
3d8b9830,123456
c6312638,123456
66c0586e,123456
47240ce1,123456
d070a1cc,123456
e5cbc76c,123456
1c85e553,123456
765d23cc,123456
f0aaa09a,123456
3752cfd3,123456
f95d7f77,123456
bc30fc4d,123456
7184543f,123456
b8f39279,123456
b2a3a52e,123456
ac58ff4c,123456
66b710e3,123456
5ba71103,123456
19301e10,123456
1c88e1fa,123456
337d4c1a,123456
0f702c51,123456
0e16a430,123456
dc300bb4,123456
8e7a67c5,123456
3b8aeda7,123456
fa05c63e,123456
587e8ee5,123456
3696c8a5,123456
74ec59c1,123456
8cd46f8b,123456
776d5396,123456
6cc3f55c,123456
e9ac3831,123456
59dc952c,123456
09e88782,123456
bc9bd55f,123456
4d6ed624,123456
2f9536ee,123456
7fe883ec,123456
ecf95e72,123456
9f9cab73,123456
a71ce8c6,123456
3932327d,123456
51dc4ad0,123456
6bf93b4d,123456
faddbfdb,123456
8c7c0a17,123456
a6c77fd1,123456
decc6c12,123456
c03bdd78,123456
be99c133,123456
901e7edd,123456
0546287b,123456
2fd96ffc,123456
0052ff5f,123456
6fa9a2fe,123456
dc54a902,123456
2f559560,123456
cf790ab1,123456
75eab7ab,123456
a0858e79,123456
c9dff7da,123456
5967a7f0,123456
86f8e997,123456
eba675be,123456
f2998f26,123456
2e061aad,123456
dc5d5217,123456
267de70d,123456
9d39e2e2,123456
de4ea1fc,123456
d45a7363,123456
66039b3b,123456
a3990b22,123456
d77ef91c,123456
266de92a,123456
fd0c4573,123456
ac87f582,123456
c22c29a5,123456
45498177,123456
ce32e01a,123456
f6ebbf63,123456
dc4d7424,123456
714b7e9c,123456
f2c8727e,123456
ca5e02c6,123456
4d646977,123456
4c0a3aef,123456
cc92bec1,123456
e48f03cf,123456
97b74d47,123456
13d1118f,123456
b5f3e9e3,123456
95e7f58d,123456
71d77ab6,123456
7cfca1c9,123456
b6181cf9,123456
00f6e9da,123456
77007dbc,123456
2cb49791,123456
d5b9515c,123456
ac372c6b,123456
d0df353f,123456
f1110c4d,123456
32faa8cd,123456
015fc9ef,123456
beb9e3d6,123456
431563c1,123456
9c2d14ae,123456
3895c2f0,123456
9147915d,123456
48699626,123456
0f21ecde,123456
036af9e3,123456
8bb750f3,123456
a7a3aa15,123456
75dac958,123456
2e85840a,123456
cfbf30b6,123456
5dab4a1d,123456
bab47e60,123456
c7ed95d9,123456
4a8055e5,123456
a7a1beba,123456
6a0892b9,123456
feb26fb0,123456
fa4e29f6,123456
ad82171d,123456
2196e8ef,123456
2143c5bd,123456
54eed98b,123456
84b2708c,123456
7aaf348a,123456
af0f1b46,123456
108a1b26,123456
cc23ddcd,123456
a075ad4e,123456
99f7e3ef,123456
c8607b8d,123456
f0dd34ae,123456
098d0f3f,123456
7bcb9262,123456
e2f21522,123456
16cf8d15,123456
8ed16ced,123456
cad7cc18,123456
6954255c,123456
a3840fa1,123456
6aec84f4,123456
5f23328d,123456
c0f2b561,123456
5254a40e,123456
76067479,123456
fda7e563,123456
38248f73,123456
f22d23e9,123456
d44167a2,123456
49306073,123456
6700a7e4,123456
4aa496c5,123456
8d5b55b0,123456
3be49557,123456
3e6475c9,123456
8c76101f,123456
318196e5,123456
dd085b99,123456
4562376c,123456
ba8d6017,123456
8dfd353b,123456
1c47be11,123456
992be2ba,123456
4977395b,123456
945dc234,123456
c31e35b3,123456
2e94e223,123456
4bccd4f8,123456
f2ca7ab5,123456
e753b91a,123456
07539e09,123456
a7d85fe7,123456
d68e73cf,123456
75537565,123456
9e9a8046,123456
5cc45ce0,123456
5a3533f5,123456
bbd701ff,123456
325b64c6,123456
e61947eb,123456
8f45d206,123456
088e9378,123456
dd877807,123456
7c81ac50,123456
044ea6ff,123456
a88c396b,123456
d342e443,123456
6d515c08,123456
66ef46fd,123456
8ea32345,123456
afdec014,123456
ce3f34e0,123456
a9717bfa,123456
8c78144b,123456
61cff3f7,123456
03a5c845,123456
c1742ba3,123456
17e5afa9,123456
5826c4db,123456
eb35dccd,123456
f141befa,123456
320ede1b,123456
07033de5,123456
dd020e2f,123456
12555a85,123456
c77ddf40,123456
8d8509ea,123456
53b42f0e,123456
2cf9dbda,123456
8cf9a699,123456
8ae081c6,123456
0e89c9b3,123456
023e168c,123456
78540895,123456
48730e78,123456
f9c6dceb,123456
142aeeac,123456
ab1e72c3,123456
e0db2c7d,123456
8b8d4919,123456
dd03d715,123456
1f270732,123456
a6ef7ebb,123456
4d3e7723,123456
3f015dda,123456
d9285d2c,123456
4c9b92d7,123456
e798df91,123456
412949a8,123456
fdb88471,123456
08c6288d,123456
24a2069d,123456
79b09ef2,123456
ae2108b2,123456
7aba7cd8,123456
47a10100,123456
9e21f46b,123456
86358b9d,123456
0791f463,123456
e493b922,123456
43b4a165,123456
5d8f6fd6,123456
fe2feb42,123456
e8b09c16,123456
b367ca0d,123456
6e544f31,123456
ae7c4da6,123456
6dd783fe,123456
9db893e4,123456
b9dcdf31,123456
bba3fafa,123456
81b7a0b0,123456
b94e3253,123456
b82e0f36,123456
e6c26754,123456
690c0757,123456
85caa3ed,123456
2d5fa54b,123456
c7ad00b8,123456
6f1ac4bc,123456
318d1efb,123456
86f9ac5b,123456
87c374c4,123456
b9477312,123456
9a42de65,123456
3bdcd4f2,123456
ab334acc,123456
19887d74,123456
ed86bda5,123456
f0ac89b8,123456
237476f8,123456
d553b270,123456
ba303ca5,123456
aea50a63,123456
2a0f872b,123456
b40fd3fc,123456
d1a946cc,123456
95a7c0a8,123456
f3870e6b,123456
bcc47c77,123456
f1157e22,123456
45c57458,123456
e63e29d2,123456
12a0ab0e,123456
9fd7b4d1,123456
92babdce,123456
1f75e9ed,123456
ae5cd12a,123456
367a1741,123456
8a9b3b36,123456
0b15d004,123456
dcbc4c9a,123456
796d1a74,123456
1a38da3b,123456
1121e025,123456
9f413f3f,123456
269f0c64,123456
4b7a8e8f,123456
660f0431,123456
791f03d6,123456
a6e63c8c,123456
6f2e527f,123456
7fadabbc,123456
e08cd958,123456
13927404,123456
fcee9375,123456
691f4853,123456
a3262e3f,123456
221f887f,123456
8cd2af91,123456
9f1d1616,123456
2de5f7bf,123456
b8823b4e,123456
89c6658e,123456
30d6ddfc,123456
39dd5fed,123456
797eeb97,123456
d43674e7,123456
b889f104,123456
a7c6ded5,123456
bbe217a2,123456
dbfbf6a2,123456
3e4af151,123456
a44f9a24,123456
bd469a9f,123456
f4d81e0e,123456
e788393c,123456
d23468c3,123456
7f9d9cf5,123456
2ffc06a7,123456
9ebb4f8b,123456
54b26733,123456
f7070b91,123456
0c40333a,123456
6a4a8890,123456
04a48c8a,123456
ed9ebb6d,123456
300119f1,123456
6023c36d,123456
8cff81ba,123456
710f8e20,123456
3b714322,123456
6002280d,123456
287ebd49,123456
57000b36,123456
73517b08,123456
89c60a54,123456
c45e057a,123456
aba901ee,123456
491468f2,123456
0abc8e6a,123456
461c4d7b,123456
8da10856,123456
fcd6b076,123456
1ae424a3,123456
0c8f9de0,123456
5bcb83c3,123456
085a7eb4,123456
5ce9c9b0,123456
461a0ef5,123456
cbfe6482,123456
53a8871e,123456
c2bae10e,123456
b4c2a151,123456
96cd555d,123456
fc93d4c3,123456
5f7cc59c,123456
0f1749ea,123456
884b2c56,123456
2ea253ef,123456
989511ec,123456
7f86d7c7,123456
2d53062f,123456
7bba67de,123456
33874a7b,123456
bec49a62,123456
f1762a01,123456
8d87e8a5,123456
edf48bb8,123456
cb49dec9,123456
e8ec0388,123456
8e7c0a96,123456
1b03ee7c,123456
ba7d1a6e,123456
072d2072,123456
1e2d4077,123456
df9b179f,123456
77506461,123456
238b0b64,123456
3b0fdcea,123456
b9dc4c8d,123456
8b3bcda9,123456
c3f8f756,123456
ae72373c,123456
d195309b,123456
d5b1cbb7,123456
5ba6d83f,123456
45742ab4,123456
e8975bc1,123456
b057f9de,123456
66da3b49,123456
dfa34f6d,123456
df793b0c,123456
8690c17c,123456
88d45be0,123456
5b87895a,123456
8ef96734,123456
4167ffe9,123456
8ddee367,123456
419458d7,123456
20a31bca,123456
255714bb,123456
18a3e0f1,123456
204572ff,123456
992e3c20,123456
3ee2a4ec,123456
d46b5c34,123456
854cdc67,123456
e64b779c,123456
7a76a20c,123456
ad558fca,123456
f64bb53e,123456
72b7e6ba,123456
4671b788,123456
f56ba86f,123456
f8a5d5de,123456
66447067,123456
86bd8f07,123456
37a6d5a8,123456
3ba2ab74,123456
cb5b10da,123456
6da7a1b9,123456
17899de1,123456
29dd895d,123456
56c84f32,123456
6e21071d,123456
c0222264,123456
c0136dc7,123456
b236d5f2,123456
2fec46a2,123456
a2373075,123456
145d1b3c,123456
ace628c3,123456
caedee2c,123456
8a298c76,123456
ac650516,123456
0effc3f3,123456
68de6757,123456
e72c391d,123456
edeea12a,123456
cb8d742f,123456
3f483f06,123456
dab13c40,123456
657f2355,123456
d8ca8639,123456
7c394de2,123456
9ec6022a,123456
67eb5dc1,123456
94af11cd,123456
9be9e17f,123456
007b2187,123456
d9ee731c,123456
b6c9866a,123456
e0754667,123456
022fa41f,123456
49443127,123456
345aa07e,123456
623bce52,123456
777d3109,123456
4791ff18,123456
997cc208,123456
1b9ea1fd,123456
3c87d39c,123456
6da193e0,123456
a5ab0885,123456
d9624663,123456
d099e8de,123456
5ff79361,123456
8a1e761b,123456
00839812,123456
365e6d2e,123456
a22cd8f5,123456
064e7d7c,123456
4575a236,123456
39000572,123456
54add0b0,123456
e560daf9,123456
3ed40db4,123456
2f214798,123456
97e59ab3,123456
8db6db30,123456
b93335dd,123456
47e5514c,123456
d581508e,123456
f6b7160d,123456
88c39a11,123456
5c4f4f1f,123456
6c1b826f,123456
70d5963c,123456
debc9437,123456
bc22ae56,123456
8fdca423,123456
a1f5009b,123456
76340186,123456
f9c28028,123456
359c941b,123456
68d6a978,123456
67ac4ddc,123456
9b71cc9c,123456
37b8e5e5,123456
347a9af5,123456
fe6bf941,123456
2fb93382,123456
3bee6ee9,123456
373e355b,123456
1a567873,123456
cc3b2dd3,123456
3ddd7d1b,123456
3cc96d8e,123456
5aa37845,123456
97bd67c6,123456
b3e145de,123456
edec73e1,123456
44cf4f1b,123456
fbd70094,123456
a515104b,123456
d7b53f35,123456
c80e6b9a,123456
10b1d49d,123456
49846c73,123456
6494d103,123456
549ae300,123456
b54ca146,123456
bf4b3ea1,123456
2f4ce99a,123456
0e097de9,123456
1584ff64,123456
db5af230,123456
8b43d6d0,123456
761c3ccd,123456
a2cdc545,123456
ab9ace72,123456
a07cd880,123456
6ff304ec,123456
6e15193b,123456
ec1355e3,123456
992ea64e,123456
d10420e4,123456
255ca056,123456
92f91e43,123456
e6e2c9d0,123456
a23a2dde,123456
c15603e3,123456
46cb0189,123456
551b651f,123456
526fab89,123456
2baf1e0f,123456
774af704,123456
1d9c992c,123456
ced3941e,123456
faaaa4e3,123456
937da90e,123456
88384bda,123456
46311c8f,123456
2b2f9f8c,123456
9e8cd0f4,123456
20068f57,123456
dbce410f,123456
f852a501,123456
fb13c32a,123456
90044e07,123456
f39bb5c7,123456
0b19f1a2,123456
56176120,123456
88ce67b4,123456
8c4a0467,123456
d089df2a,123456
380d7dce,123456
dee4206a,123456
c2d004d0,123456
477d04d0,123456
200a97f1,123456
2c1d8fe8,123456
3fb20e2e,123456
3a107d8e,123456
29490819,123456
6dbd3988,123456
218114c1,123456
9af56bc5,123456
695b3efc,123456
76f180d7,123456
094e91d1,123456
bec36ce7,123456
e93ec2fb,123456
d07945de,123456
3ba2956a,123456
897a45ef,123456
b834671f,123456
c21b372e,123456
4ec1a8f4,123456
2d3c20ac,123456
f7233d44,123456
e3e781c2,123456
7beb33d4,123456
9432364a,123456
e075de8c,123456
977c5469,123456
144c4672,123456
f985aa70,123456
c3a2e0b4,123456
3006daea,123456
526596b5,123456
563dd38c,123456
77975f56,123456
c962ddf8,123456
7bb4369b,123456
aa8964d1,123456
0767883d,123456
5393008a,123456
30bea98d,123456
618a6748,123456
f579eff6,123456
3e37a780,123456
b4a9cac3,123456
61c00f99,123456
35c278ac,123456
72a6fb27,123456
0bdae1a8,123456
6d5cd026,123456
c4e72dda,123456
db521698,123456
db18f3d5,123456
591b1110,123456
86e07be3,123456
573e5e16,123456
a5b0fdc0,123456
d60ad169,123456
4d305353,123456
fec82307,123456
3122753f,123456
22be7ac6,123456
06eddae8,123456
ff2f38d5,123456
6675c79e,123456
05382958,123456
ba878436,123456
9bda0201,123456
5953a97e,123456
42fa87ce,123456
15ca30fe,123456
2b5b0aee,123456
aefb2329,123456
7557271b,123456
432c49aa,123456
23a27b77,123456
3560b7fe,123456
c54abe1b,123456
c546a339,123456
c6297348,123456
9f607e9a,123456
af65dbec,123456
ac74d9b0,123456
d380b4e0,123456
116aa689,123456
ea3fd4cf,123456
03d6e1a9,123456
46751700,123456
605d229f,123456
bca05728,123456
a876f98c,123456
ff335016,123456
d40ca52d,123456
63fcb2ab,123456
02e1d310,123456
a4aad47a,123456
7307db34,123456
47ebf839,123456
c01dad65,123456
845d9b9a,123456
bdfe88c7,123456
24bf9adf,123456
7a3c530b,123456
3c5b3a94,123456
b6f2f6bb,123456
aab7cbdb,123456
ab22c8f8,123456
800a60d5,123456
a16b3970,123456
45054be8,123456
b81a2699,123456
029aa42c,123456
bbbd811d,123456
e254a718,123456
55cd163d,123456
9dba459e,123456
380470b5,123456
f5ec2aaa,123456
d48417f4,123456
77a34c65,123456
15670902,123456
2fa63131,123456
c02e36b3,123456
b8b652d4,123456
3dfa4179,123456
076870e0,123456
259ed3e5,123456
1e4d4498,123456
fadc158b,123456
c9eca6bd,123456
f97d5f4e,123456
e1b1d09f,123456
129d1409,123456
55240a2a,123456
ff92b5d2,123456
ee3e4938,123456
14a945d1,123456
b9562ac3,123456
7c97eb52,123456
1d80a96b,123456
dd6011bd,123456
5d72996a,123456
3ca6be0f,123456
dd0a97d3,123456
c19b81d5,123456
95c23434,123456
b2f54937,123456
47f72447,123456
55eb4620,123456
7e886eb6,123456
398c8e1f,123456
ccc4bbc5,123456
410a8200,123456
9b55ab94,123456
4d5694a5,123456
7b1b823a,123456
e7209c80,123456
4dabf047,123456
7fbaa08b,123456
a1d18e85,123456
7361636e,123456
90628556,123456
1d8c771d,123456
13304343,123456
f5cf09bc,123456
e4b33d10,123456
7eb795fd,123456
f4c49227,123456
25c0437c,123456
8826fa70,123456
6f536db2,123456
98165402,123456
b406943d,123456
59f5ada6,123456
7f05235b,123456
ff6c87f5,123456
4cd49dd4,123456
fd813504,123456
5924d23d,123456
c87a0d49,123456
6e6bb408,123456
ed19b70a,123456
156227ad,123456
4a25b765,123456
8e8405ef,123456
171944b5,123456
b575b912,123456
2153d6f5,123456
a6bdb996,123456
d746616a,123456
d9e6819d,123456
a9afc167,123456
832a8f51,123456
4cb5a632,123456
539e0d8c,123456
db17067d,123456
89d9caaa,123456
d3e6ba32,123456
ec93a8fb,123456
3a741e86,123456
d75e3bd8,123456
50e3eb7d,123456
bf57f4d9,123456
2d93d650,123456
4a5a21af,123456
a2c0388c,123456
e4504e17,123456
b93f8e10,123456
d5bce1ba,123456
38c4ef99,123456
6347e984,123456
ca426f00,123456
99714ac8,123456
44015242,123456
92786029,123456
281d2241,123456
0fc459bc,123456
20716257,123456
a7f774b1,123456
08de273e,123456
84be70f6,123456
b2cc0543,123456
3ac144e2,123456
70b5271e,123456
f0b8bdd5,123456
7cd87230,123456
de232b86,123456
fda19711,123456
23496ebf,123456
f9ae7e16,123456
c309a7c2,123456
8325c7b4,123456
35cc701e,123456
84ce4e3a,123456
d9a219f5,123456
e9da9c53,123456
2907b217,123456
b4a1139b,123456
7db4e91b,123456
4f007272,123456
d80b550c,123456
0550be35,123456
7b01fe1d,123456
db4e3dfc,123456
a2fedda5,123456
a3d1bc45,123456
f456d767,123456
83960473,123456
6a7bbc62,123456
5884fd34,123456
fc6d7557,123456
35ec9b12,123456
a5e0f5d5,123456
81794d40,123456
660fc4f6,123456
01426115,123456
5cad2aa7,123456
4e05d8f2,123456
fbbb8cf2,123456
598e28d3,123456
7e06f238,123456
5a23ed4b,123456
eb18d4f3,123456
8b678b54,123456
41bedce6,123456
df100ac4,123456
5b78af12,123456
7ef6afdf,123456
1a31ee8e,123456
f9ffd028,123456
870896d9,123456
b34d10eb,123456
2f566159,123456
95d16b45,123456
a731f18a,123456
035bf096,123456
3e221022,123456
561c619b,123456
aed92795,123456
a37c4d97,123456
02a89d82,123456
a1ef4dd9,123456
ea4e79a1,123456
de2b9ad5,123456
1ca0bf08,123456
ad97362f,123456
ac571eb8,123456
5e9983f5,123456
0e68dd00,123456
bee4ea25,123456
56be61a8,123456
30c84f05,123456
3fec9747,123456
a58215c6,123456
351e3847,123456
476beb84,123456
e6fddd8a,123456
b0df711b,123456
79a04ec6,123456
05ae7c9b,123456
a1da5b05,123456
0fcbd300,123456
af9db759,123456
49d4e557,123456
015566ba,123456
3c6aa202,123456
65159c52,123456
e4e440a2,123456
e6b56040,123456
ede8c4d2,123456
8152c7b9,123456
daf00f7e,123456
49aa0b0f,123456
a9b8013c,123456
939cfd77,123456
f11aa6db,123456
647e2fcd,123456
8c8ef9f3,123456
3c0117f1,123456
422b1fea,123456
f8fd2850,123456
062a734c,123456
d96df7bb,123456
88e3aede,123456
d05b62b0,123456
ea02a1a9,123456
cab48f12,123456
424cc6f4,123456
317e9f6a,123456
63711ad4,123456
d9b9a114,123456
acfb1b09,123456
66e8f56f,123456
1b97e12b,123456
22a28a85,123456
6315d91c,123456
cf93620b,123456
4cc675a7,123456
ba53d5c2,123456
39868ce2,123456
e64204dc,123456
d97929c6,123456
03180462,123456
bde339fe,123456
d66962d0,123456
ba470a0b,123456
4192bf3a,123456
58771710,123456
083b0eb2,123456
677b8b1d,123456
6b899cd1,123456
fb6ed039,123456
1a74581b,123456
671a8faf,123456
02b15311,123456
d5da077a,123456
f77d78da,123456
45e99929,123456
f9151096,123456
00f46344,123456
8593c52f,123456
8a9fdf70,123456
75e604cb,123456
547a1d7a,123456
7370eef0,123456
09e7d07a,123456
d2a8cb3e,123456
890e1982,123456
0a76e9df,123456
b5cdd070,123456
3ac4d8cc,123456
0d78a76a,123456
297d5e13,123456
a13b3407,123456
dbfa5b63,123456
155f1104,123456
b3266ff1,123456
745995f0,123456
97eb9304,123456
b4627248,123456
128a97de,123456
f4b861e0,123456
6a609b9d,123456
08911719,123456
d114c3e3,123456
09d9912a,123456
558d533d,123456
ddcb05f0,123456
38b683cd,123456
7a3073be,123456
69b51757,123456
2ebbd916,123456
8878ee25,123456
fad88c8d,123456
56a2d85c,123456
96b21fbe,123456
9075c037,123456
1ab950ab,123456
1b43ecca,123456
74813cd8,123456
78e6aff6,123456
b80e8d00,123456
a79280f2,123456
da0fa0cf,123456
842f9fa0,123456
92861707,123456
770ad5ab,123456
635e3d5c,123456
fdf51b65,123456
e3d05c84,123456
c5fc42d7,123456
d8f4a1de,123456
b18f61b0,123456
7e5566d2,123456
6fe76244,123456
c2120c13,123456
e9ca5880,123456
14abad29,123456
6bb107a3,123456
d20242c9,123456
71011dc0,123456
653773c8,123456
269ddd52,123456
d574d4d0,123456
e7317d67,123456
6209467a,123456
382298e7,123456
9ce6b405,123456
cbb4c48d,123456
4db319db,123456
b6534367,123456
e1a51b79,123456
bb193b3d,123456
e190d1ee,123456
02fd36ec,123456
0500e23a,123456
af29d5fa,123456
2139c32f,123456
0c2867fb,123456
b3aa5222,123456
4d71c3b7,123456
6e22eadd,123456
b9b6945b,123456
d51fd54d,123456
1831fc63,123456
3b28c9e4,123456
3728d25c,123456
9ceb84d0,123456
83aa52cf,123456
a213de13,123456
8114b2a9,123456
8c24aba4,123456
628c4cb0,123456
736ff024,123456
6c8ef870,123456
6bcb8025,123456
e593a5e2,123456
85e7ac25,123456
d445558d,123456
7804eb7f,123456
90a9146c,123456
d6b839bb,123456
1e1d2589,123456
94c0c418,123456
7275629d,123456
1bed94fe,123456
22ecb8be,123456
af3c164d,123456
da83a6cc,123456
0c922319,123456
b821685d,123456
bd291ac1,123456
b978411f,123456
3eb3a803,123456
93e60c05,123456
4b6918b8,123456
f80996ed,123456
6cef6fad,123456
12875925,123456
2c366efd,123456
5827d6cc,123456
06bcc711,123456
9de01c06,123456
86e5ef35,123456
63dfc969,123456
a81ed747,123456
4221ea46,123456
df5541f5,123456
a3fad8f8,123456
4c02e608,123456
c80439d8,123456
53f29fbb,123456
084cfa9f,123456
31684c56,123456
60732ca0,123456
24e8119e,123456
097a4f4d,123456
01cc5f51,123456
195f04ea,123456
64eb9a9d,123456
e213e788,123456
702f86a8,123456
032dabca,123456
32193113,123456
1ef5ee0b,123456
a7a21b73,123456
708e482e,123456
a9da9824,123456
77c8a1b4,123456
f896abc5,123456
6034fdcc,123456
8edbe465,123456
b344684d,123456
38eca5db,123456
7219ff51,123456
d94a8655,123456
b78fa661,123456
a206eb8f,123456
b179c503,123456
f520b840,123456
a8e69afa,123456
8bf364e9,123456
4ca7e1a3,123456
05d9d397,123456
b264662d,123456
ed1709eb,123456
0611baf1,123456
9fbb6508,123456
124815cb,123456
40291205,123456
3858156f,123456
31e11fcc,123456
713296c7,123456
92af6b34,123456
f19c81d1,123456
98432f41,123456
017dd720,123456
80fb7146,123456
88d1ad1c,123456
14ae6ccc,123456
c7795ca6,123456
935ff49c,123456
2bf6c73e,123456
660643e7,123456
9ac9fde3,123456
1897fdef,123456
510e7d38,123456
1060ea18,123456
f95b9b7f,123456
23f2f8e3,123456
6126260e,123456
9bc60135,123456
0cf05416,123456
e6e205f9,123456
89dbe530,123456
d4330349,123456
db0eb5c5,123456
a42217bd,123456
5cceac7a,123456
cfd964c3,123456
dc951bd8,123456
930e7a3f,123456
36113877,123456
7db2e3fb,123456
d6636e0d,123456
eb3e2faa,123456
f7c1bfae,123456
81abf3c6,123456
376231c7,123456
47d4f646,123456
16584404,123456
e222c588,123456
97021ca0,123456
1b63029a,123456
f6fee1ed,123456
7687dd26,123456
b8969390,123456
ed07d466,123456
cbb7e504,123456
f6b716d0,123456
2cf00e29,123456
61a0d141,123456
3843048e,123456
62e35835,123456
c7663ebc,123456
6ead01d5,123456
5de99227,123456
1e010842,123456
b561a136,123456
6d589b81,123456
e611b42a,123456
158de12d,123456
7e6de9cd,123456
5304d7f3,123456
9aebee05,123456
a0ae0f84,123456
f4966bed,123456
12199e7c,123456
41b819c1,123456
9bd7938f,123456
2b360b1a,123456
a2c12a34,123456
558facbc,123456
16a56b2e,123456
cea63225,123456
3ecbf9df,123456
fcafea8e,123456
7a6c6a47,123456
b52f7e6e,123456
0a84d923,123456
0769e364,123456
2c57f285,123456
7979c56a,123456
63c348cd,123456
3cc15b54,123456
93018235,123456
98895541,123456
c6f1e006,123456
a4c04789,123456
f8c2ad0e,123456
8d84a7ec,123456
2346e090,123456
91ea422f,123456
d6246610,123456
eba3756a,123456
bfd08782,123456
1a6be71d,123456
0ec04b2a,123456
2fb0df54,123456
da4688f0,123456
297c6007,123456
935f3661,123456
04a78ce3,123456
bb3c67eb,123456
356061da,123456
d7f235ac,123456
127acb0a,123456
86effad9,123456
a6ae1da5,123456
b6f8377f,123456
32e9abba,123456
17aa1897,123456
3672a0fc,123456
a98a2553,123456
375b9ebf,123456
34520a66,123456
3fce9382,123456
598d57e6,123456
4ea009e3,123456
513b3353,123456
54a3946e,123456
7cb9edc4,123456
9e6a1784,123456
6cdbb42a,123456
7899045a,123456
8bd1dcc6,123456
5fb8f177,123456
c758cdb1,123456
f29d31ed,123456
8f941d5f,123456
f0b87f1b,123456
a7759340,123456
35990bff,123456
f6c2cb6a,123456
3db0be87,123456
c488bc01,123456
c8e8ae54,123456
f9e14600,123456
bc324d95,123456
289e26a0,123456
12fc3a85,123456
7ff6c055,123456
f563e184,123456
f7c85279,123456
78a5bf49,123456
2b24c65a,123456
d6aa4130,123456
94b64828,123456
17bf2ef4,123456
90de81cb,123456
752ad22e,123456
1291d050,123456
b44301c3,123456
a2a34c05,123456
df6db7cb,123456
fbc4d84a,123456
11605698,123456
12224d74,123456
366acd3c,123456
cc34b378,123456
68aea658,123456
f4784e24,123456
c515f745,123456
f1cd1c2a,123456
3dc7725c,123456
45638e05,123456
e263716d,123456
185478c8,123456
c3589ea2,123456
ab8266c5,123456
3b2ff908,123456
fed138c0,123456
0d648f6b,123456
c233258a,123456
5daeece7,123456
338382d2,123456
6a45692c,123456
4e24fcd0,123456
e93a91cb,123456
5baff8f3,123456
d2df46d9,123456
f48e8d81,123456
7c160a43,123456
189e4eb7,123456
5e841ea2,123456
d6e8344b,123456
14c55e8c,123456
fc93a5d8,123456
b59b2a86,123456
7434a5a4,123456
ffb7cd20,123456
a817f4bd,123456
29940202,123456
1fb29db6,123456
1761539d,123456
e4580054,123456
3a371d40,123456
b666ec0e,123456
9a1d5180,123456
70016f77,123456
3a5a4ce8,123456
c3ba3466,123456
29aeb157,123456
e9c45bce,123456
506ef11d,123456
e4b4a40d,123456
d0e5d09b,123456
f2f05c76,123456
989af794,123456
a29ac377,123456
5b735aba,123456
5dca1509,123456
9e5ccc2b,123456
7c8ce2c0,123456
521e6a52,123456
0cf4e7f6,123456
9fb6b97f,123456
ff12eb2e,123456
35b11d67,123456
86945157,123456
04633cfa,123456
8696e921,123456
9ad8e352,123456
253544d6,123456
1084f789,123456
1f2985dd,123456
7d943cb0,123456
8e85a71a,123456
8005b27f,123456
1559e23a,123456
a84e1cd0,123456
b8ee3e68,123456
12aab54d,123456
17c482a8,123456
caf56dc3,123456
f537d61b,123456
ce2e4479,123456
ec7d20b8,123456
6dbc503e,123456
1ab85c6e,123456
a006fa16,123456
6525608b,123456
6759d3b8,123456
2f56f02e,123456
1ad9bf2a,123456
340ae3bc,123456
b0ad71f7,123456
2f856ef6,123456
6d754454,123456
90f48d4e,123456
f1ff2b75,123456
bfdae80a,123456
b5e04b1c,123456
aa4e83d3,123456
efed3308,123456
8259542f,123456
c748bc27,123456
4c302e9e,123456
75a8224c,123456
fa2ed0d1,123456
ed6bcafc,123456
134b95b7,123456
b76e6bfc,123456
8e7a7187,123456
ba4576bd,123456
c19bca2a,123456
e8d3d26a,123456
55c7a833,123456
fcbc5e4e,123456
ce15d49f,123456
068d18e2,123456
22d974ba,123456
d29cfc22,123456
80aac33f,123456
f169e113,123456
b5fe9342,123456
c7342da0,123456
18dd51c6,123456
ea1ff0fe,123456
e8d4f0d8,123456
8224a26b,123456
e23b2be0,123456
25a27e42,123456
31e75e72,123456
11799ce2,123456
c26c56e4,123456
bc2d52b5,123456
8b77d40e,123456
bc6028f5,123456
5bcfc4c9,123456
da45e002,123456
dbd2faa6,123456
f6005c7d,123456
3afcc152,123456
2c8aebc8,123456
da754803,123456
99c5a7dc,123456
d7077205,123456
ec09bc2b,123456
f1f4cad9,123456
09e9f103,123456
b2112afc,123456
7883bb42,123456
ac40ca85,123456
96bfe922,123456
bc63cab3,123456
19094075,123456
ad177659,123456
72a8fcb8,123456
821e0570,123456
e75bb5e7,123456
240af3c8,123456
72e407b5,123456
1599555c,123456
89ef7c91,123456
af705a83,123456
92528e8f,123456
d55087e7,123456
dc7e8aea,123456
2e12edb2,123456
c0008dfd,123456
d9009698,123456
2811bb72,123456
b6dfdd49,123456
0d9546d9,123456
f12b66bf,123456
ae844e18,123456
e8e82f99,123456
ad0004a3,123456
f6c52168,123456
e75d18dd,123456
648ea9f5,123456
f811a85e,123456
7a4c6b47,123456
10d40362,123456
7188068d,123456
018617f6,123456
b4462444,123456
b325111d,123456
9d3e3698,123456
38deb2cf,123456
8ff0e166,123456
613e63ee,123456
814f3d34,123456
4f3f9b45,123456
2be67143,123456
5c8a971f,123456
530fcc2e,123456
8ffba1d4,123456
8dbeb315,123456
e6cf32c3,123456
c901c160,123456
035d0cb4,123456
646eb9b7,123456
187dcd86,123456
634cad9a,123456
eaa5dad3,123456
aa7fdfe2,123456
d71b8181,123456
7921698e,123456
f5c7208b,123456
e0a14224,123456
fc618861,123456
ff403f4a,123456
1909971f,123456
2ef38f0d,123456
a42df9a7,123456
e473448b,123456
5113141c,123456
ec7f71eb,123456
946cf530,123456
2a692881,123456
c75e481b,123456
c38c0268,123456
247a6963,123456
de6aba3d,123456
acf2fa14,123456
77474bef,123456
886dc3e6,123456
9bde6400,123456
5b84d61b,123456
8a1116b3,123456
d59cd6d2,123456
386038f9,123456
bd9d592f,123456
d049c102,123456
b3bec3b5,123456
7dbd54b3,123456
787c4f21,123456
cd9241f0,123456
194c856b,123456
c9d457eb,123456
5d890e29,123456
28fdb582,123456
a1153e8e,123456
af5029ff,123456
86ca822c,123456
d7cadb59,123456
e557c3b2,123456
0af4e753,123456
b5017c58,123456
76fadb85,123456
bf93748e,123456
ca2b44b3,123456
33b39915,123456
8605ab87,123456
7a8528b5,123456
d246f476,123456
ed7da7d2,123456
5b9ab644,123456
d92aaa62,123456
2731dd7c,123456
89c27b43,123456
8285785e,123456
91873fdf,123456
fc7e94d3,123456
69b9b4f5,123456
ff3e213a,123456
a1eb2ef3,123456
c10f215c,123456
3f8a6d3e,123456
fdb1c7d5,123456
711118e7,123456
a2414681,123456
c9e09277,123456
b171d68c,123456
5690b854,123456
d526df91,123456
c83a8273,123456
b95c139e,123456
1b56a37e,123456
38d31112,123456
eac41d80,123456
8741c927,123456
a2e9f810,123456
faf623ee,123456
7f4a717a,123456
32a6e349,123456
387b957a,123456
9fac32fd,123456
c6a08b20,123456
62810d66,123456
fe265201,123456
021a31b6,123456
5ac2f315,123456
e0b0f318,123456
9b290dda,123456
bbba5c8b,123456
40ed3290,123456
04ba74f3,123456
ec5e19f6,123456
af5c48c6,123456
18801e50,123456
036701df,123456
ee31e6b7,123456
e96c8abe,123456
5a8da4a5,123456
a0037a7d,123456
9eddc628,123456
5142275a,123456
b362a68f,123456
51f5e128,123456
559729d1,123456
9a2c4c18,123456
28b2e18b,123456
1dea91dd,123456
34052e4d,123456
d9daccd4,123456
42b10c2f,123456
42b3b5cb,123456
c6adc67b,123456
0d28432f,123456
dea300a0,123456
890e37c4,123456
b100e20f,123456
442ee680,123456
04e1c9af,123456
69e3e471,123456
278d6213,123456
06f5fc8c,123456
5bdf45b7,123456
3634a2f7,123456
bd0bea0b,123456
da067354,123456
3e2079c6,123456
0dbd48a5,123456
bf51b432,123456
ca801e63,123456
55fa0618,123456
41325242,123456
b3e90466,123456
dc908487,123456
975cb0e1,123456
58bed22c,123456
527341d4,123456
eaea03b3,123456
28672c4a,123456
5f222049,123456
aa51390b,123456
34231012,123456
3a5ac956,123456
a9851251,123456
1e7c12b1,123456
47cebca6,123456
2180a403,123456
8337a4a2,123456
68f292a0,123456
73ac3a8a,123456
f482f59f,123456
bd7194b7,123456
73046624,123456
1436db77,123456
8b874fa7,123456
b66d2022,123456
d9d9b40e,123456
9ad359db,123456
f3676af6,123456
2c1edad0,123456
ca019ae5,123456
dd2b52ea,123456
9a9bb0df,123456
179f5db5,123456
8d9b193b,123456
20d0be94,123456
0b536d40,123456
e6dc6759,123456
db79cba0,123456
1f7ef6fb,123456
b45ef808,123456
18d152d0,123456
9cb02a04,123456
e08255be,123456
316e4309,123456
9acec0c0,123456
173a7762,123456
38b0141e,123456
0b030294,123456
2759c689,123456
3c5c7117,123456
223b2d64,123456
1d4d4fc4,123456
64969fe2,123456
f88202a2,123456
aba07532,123456
9ee07c7b,123456
d67d0958,123456
25760ddf,123456
aa5f542f,123456
2e14b4d7,123456
907628da,123456
c286969d,123456
96dbeba9,123456
f28926c8,123456
70af9e69,123456
a2e813b1,123456
be8dea97,123456
12653d37,123456
f293f2b3,123456
81b816dc,123456
9daca169,123456
e7204f53,123456
3370bb5f,123456
0ba248ab,123456
d99cf75d,123456
006acadd,123456
444d84a3,123456
abb90410,123456
7c57a849,123456
c8cafe16,123456
7cb21d71,123456
2a404cba,123456
f8642b59,123456
24d37d95,123456
f8eb98cb,123456
f694a750,123456
4d74ca58,123456
60b254d7,123456
96fa12ad,123456
338709ff,123456
cfce56dd,123456
d43a12c2,123456
85546cb3,123456
0ba1b7bc,123456
8b822f2a,123456
be25c4de,123456
7908badd,123456
9b2ab8b6,123456
4f940392,123456
4cd24236,123456
e7bcc4c3,123456
19cefb97,123456
ae59a79b,123456
464a97c1,123456
bb87784c,123456
3503c4b1,123456
5992704e,123456
a98ddd6d,123456
e4a818bc,123456
710fa2fa,123456
bb3a0d52,123456
d6d3e588,123456
5aab917b,123456
66aaa6ea,123456
40096eea,123456
0fdfca04,123456
39859b97,123456
ba21a596,123456
403c487b,123456
2027c238,123456
8c3ed940,123456
32d8e0c4,123456
37f03d8a,123456
48a58e77,123456
060b0c93,123456
d2260bd3,123456
f0614719,123456
eebfb3ca,123456
eea4bf49,123456
2c10a879,123456
8210ba4f,123456
85e32849,123456
42b5476f,123456
dae82f45,123456
3fae47d7,123456
6bda7c63,123456
79773f4c,123456
8d196a25,123456
c400cb64,123456
d44413fa,123456
f80fd795,123456
99abfa8f,123456
8a9b4e88,123456
9354b732,123456
591407f7,123456
9dba5c57,123456
df4a95a9,123456
b3f57d17,123456
ca11677b,123456
bf2d2315,123456
bc062ffb,123456
9dae3054,123456
088154d0,123456
ff666293,123456
89bad481,123456
82cb7ec1,123456
64946978,123456
1fea55c2,123456
a43bebfa,123456
122bfa3a,123456
2e4ee0eb,123456
d6a3853c,123456
8b051fc3,123456
310bbc3c,123456
f6a56596,123456
